delay_mins,weather,speed_kmh,precipitation_mm,live_mins,timestamp,road_id,status,normal_mins,name
6,"26.9°C, Clear",16.7,0.0,9,2026-08-08 07:28:07.083000+00:00,mandela_buguruni,Moderate,3,Mandela Rd (Port Link)
0,"27.7°C, Clear",45.7,0.0,23,2026-08-05 07:58:13.325000+00:00,posta_to_kimara,Smooth,23,Mega-Route: Posta to Kimara (Morogoro Rd)
9,"25.2°C, Clear",16.3,0.0,14,2026-08-03 06:25:29.683000+00:00,tabata_dampo,Heavy Jam,5,Tabata Road (Mandela to Segerea)
1,"27.7°C, Clear",30.0,0.0,3,2026-08-05 07:58:13.401000+00:00,kamata_gerezani,Smooth,2,Kamata / Gerezani (Port Entry)
1,"23.7°C, Clear",30.0,0.0,3,2026-08-05 18:21:01.199000+00:00,kigogo_roundabout,Smooth,2,Kawawa Rd (Kigogo Choke)
11,"25.2°C, Clear",14.2,0.0,16,2026-08-03 06:16:11.509000+00:00,tabata_dampo,Heavy Jam,5,Tabata Road (Mandela to Segerea)
4,"26.0°C, Cloudy",24.0,0.1,8,2026-08-08 10:01:39.723000+00:00,uhuru_street,Moderate,4,Uhuru Street (Ilala)
2,"29.4°C, Clear",22.5,0.0,4,2026-08-04 10:42:41.332000+00:00,kamata_gerezani,Smooth,2,Kamata / Gerezani (Port Entry)
1,"24.7°C, Cloudy",30.0,0.1,3,2026-08-08 10:01:38.617000+00:00,old_bagamoyo,Smooth,2,Old Bagamoyo Rd (Victoria)
0,"22.5°C, Clear",45.7,0.0,23,2026-08-05 22:41:14.506000+00:00,posta_to_kimara,Smooth,23,Mega-Route: Posta to Kimara (Morogoro Rd)
5,"23.1°C, Rainy",14.6,0.7,7,2026-08-08 09:08:49.959000+00:00,tazara,Moderate,2,Nyerere Rd (Tazara)
7,"22.5°C, Clear",17.5,0.0,11,2026-08-05 05:14:31.038000+00:00,uhuru_street,Moderate,4,Uhuru Street (Ilala-Town)
2,"28.3°C, Clear",30.0,0.0,7,2026-08-08 10:58:51.102000+00:00,kilwa_mbagala,Smooth,5,Kilwa Rd (Mbagala)
1,"23.0°C, Clear",44.0,0.0,30,2026-08-03 18:50:32.951000+00:00,posta_to_tegeta,Smooth,29,Mega-Route: Posta to Tegeta (Bagamoyo Rd)
3,"24.4°C, Clear",18.0,0.0,5,2026-08-07 16:43:45.279000+00:00,kamata_gerezani,Smooth,2,Kamata / Gerezani (Port Entry)
2,"24.7°C, Clear",27.0,0.0,4,2026-08-09 06:08:48.439000+00:00,ubungo,Smooth,2,Morogoro Rd (Ubungo)
0,"29.1°C, Clear",45.0,0.0,24,2026-08-09 11:00:38.195000+00:00,posta_to_gongolamboto,Smooth,24,Mega-Route: Posta to Gongo la Mboto (Nyerere Rd)
2,"21.4°C, Clear",22.5,0.0,4,2026-08-07 04:25:09.897000+00:00,kigogo_roundabout,Smooth,2,Kawawa Rd (Kigogo Choke)
9,"28.6°C, Cloudy",12.5,0.1,12,2026-08-05 09:04:48.959000+00:00,mandela_buguruni,Heavy Jam,3,Mandela Rd (Port Link)
2,"22.6°C, Clear",32.0,0.0,6,2026-08-05 21:36:59.146000+00:00,uhuru_street,Smooth,4,Uhuru Street (Ilala)
2,"27.9°C, Clear",22.5,0.0,4,2026-08-08 11:55:15.915000+00:00,mwenge,Smooth,2,Bagamoyo Rd (Mwenge)
5,"28.6°C, Clear",22.8,0.0,10,2026-08-09 11:53:56.933000+00:00,tabata_dampo,Moderate,5,Tabata Road (Mandela to Segerea)
1,"27.7°C, Cloudy",30.0,0.1,4,2026-08-09 10:03:24.958000+00:00,sinza_mori,Smooth,3,Sinza Road (Mori to Bamaga)
2,"29.4°C, Clear",22.5,0.0,4,2026-08-05 10:42:56.316000+00:00,kamata_gerezani,Smooth,2,Kamata / Gerezani (Port Entry)
2,"23.0°C, Clear",25.5,0.0,4,2026-08-05 20:12:50.772000+00:00,tazara,Smooth,2,Nyerere Rd (Tazara)
2,"22.9°C, Clear",22.5,0.0,4,2026-08-08 19:07:23.385000+00:00,mwenge,Smooth,2,Bagamoyo Rd (Mwenge)
2,"21.6°C, Clear",22.0,0.0,3,2026-08-04 21:55:22.419000+00:00,kariakoo,Smooth,1,Kariakoo Market Grid
3,"28.5°C, Clear",20.0,0.0,6,2026-08-07 09:40:09.210000+00:00,morocco_intersection,Smooth,3,Kawawa Rd (Morocco to Kinondoni)
2,"25.8°C, Clear",22.5,0.0,4,2026-08-08 14:56:41.608000+00:00,mwenge,Smooth,2,Bagamoyo Rd (Mwenge)
3,"28.0°C, Rainy",16.8,0.1,5,2026-08-05 08:38:46.617000+00:00,selander,Smooth,2,Ali Hassan Mwinyi
0,"23.4°C, Clear",45.0,0.0,24,2026-08-07 19:45:48.459000+00:00,posta_to_gongolamboto,Smooth,24,Mega-Route: Posta to Gongo la Mboto (Nyerere Rd)
1,"23.3°C, Clear",30.0,0.0,3,2026-08-08 18:24:52.869000+00:00,kigogo_roundabout,Smooth,2,Kawawa Rd (Kigogo Choke)
11,"22.6°C, Clear",30.9,0.0,34,2026-08-04 05:14:44.489000+00:00,posta_to_kimara,Heavy Jam,23,Mega-Route: Posta to Kimara (Morogoro Rd)
2,"24.0°C, Clear",30.0,0.0,5,2026-08-07 17:41:57.136000+00:00,changombe_road,Smooth,3,Chang'ombe Road (Temeke)
1,"26.7°C, Clear",30.0,0.0,3,2026-08-09 14:26:13.548000+00:00,kigogo_roundabout,Smooth,2,Kawawa Rd (Kigogo Choke)
4,"28.7°C, Clear",23.3,0.0,9,2026-08-07 09:40:07.663000+00:00,kilwa_mbagala,Moderate,5,Kilwa Rd (Mbagala)
2,"27.3°C, Clear",22.5,0.0,4,2026-08-06 07:19:00.323000+00:00,mwenge,Smooth,2,Bagamoyo Rd (Mwenge)
2,"27.8°C, Cloudy",30.0,0.1,5,2026-08-07 08:38:19.981000+00:00,changombe_road,Smooth,3,Chang'ombe Road (Temeke)
2,"27.6°C, Cloudy",30.0,0.1,5,2026-08-08 12:30:31.960000+00:00,changombe_road,Smooth,3,Chang'ombe Road (Temeke)
5,"26.8°C, Clear",12.0,0.0,7,2026-08-07 14:21:49.455000+00:00,selander,Moderate,2,Ali Hassan Mwinyi
44,"27.5°C, Cloudy",15.7,0.1,67,2026-08-07 13:46:53.300000+00:00,posta_to_kimara,Heavy Jam,23,Mega-Route: Posta to Kimara (Morogoro Rd)
1,"21.6°C, Clear",30.0,0.0,3,2026-08-07 00:40:19.448000+00:00,old_bagamoyo,Smooth,2,Old Bagamoyo Rd (Victoria)
2,"27.1°C, Clear",24.0,0.0,5,2026-08-03 07:51:25.189000+00:00,morocco_intersection,Smooth,3,Kawawa Rd (Morocco to Kinondoni)
2,"23.6°C, Clear",22.5,0.0,4,2026-08-06 05:16:22.732000+00:00,old_bagamoyo,Smooth,2,Old Bagamoyo Rd (Victoria)
0,"25.3°C, Clear",45.5,0.0,29,2026-08-08 06:03:53.548000+00:00,posta_to_tegeta,Smooth,29,Mega-Route: Posta to Tegeta (Bagamoyo Rd)
0,"26.6°C, Cloudy",42.0,0.1,6,2026-08-08 07:28:07.400000+00:00,sam_nujoma,Smooth,6,Sam Nujoma Rd (Mwenge-Ubungo)
4,"28.0°C, Clear",24.0,0.0,8,2026-08-09 08:09:45.084000+00:00,uhuru_street,Moderate,4,Uhuru Street (Ilala)
47,"26.5°C, Clear",15.0,0.0,70,2026-08-05 15:12:31.428000+00:00,posta_to_kimara,Heavy Jam,23,Mega-Route: Posta to Kimara (Morogoro Rd)
5,"24.5°C, Clear",24.0,0.0,10,2026-08-08 15:54:44.529000+00:00,goba_massana,Moderate,5,Goba Road (Massana to Goba Center)
0,"23.7°C, Clear",45.7,0.0,23,2026-08-07 18:42:42.995000+00:00,posta_to_kimara,Smooth,23,Mega-Route: Posta to Kimara (Morogoro Rd)
0,"25.3°C, Clear",42.0,0.0,5,2026-08-09 15:15:27.062000+00:00,mwai_kibaki,Smooth,5,Mwai Kibaki Rd (Kawe to Mikocheni)
3,"25.4°C, Clear",20.4,0.0,5,2026-08-09 15:15:25.105000+00:00,tazara,Smooth,2,Nyerere Rd (Tazara)
1,"27.1°C, Clear",30.0,0.0,3,2026-08-07 07:58:57.653000+00:00,kigogo_roundabout,Smooth,2,Kawawa Rd (Kigogo Choke)
0,"25.8°C, Clear",45.0,0.0,24,2026-08-09 15:00:21.115000+00:00,posta_to_gongolamboto,Smooth,24,Mega-Route: Posta to Gongo la Mboto (Nyerere Rd)
3,"23.1°C, Clear",20.4,0.0,5,2026-08-09 05:29:06.014000+00:00,tazara,Smooth,2,Nyerere Rd (Tazara)
2,"29.3°C, Cloudy",41.5,0.1,26,2026-08-07 11:14:31.539000+00:00,posta_to_gongolamboto,Smooth,24,Mega-Route: Posta to Gongo la Mboto (Nyerere Rd)
6,"24.6°C, Clear",36.0,0.0,30,2026-08-07 05:59:54.598000+00:00,posta_to_gongolamboto,Moderate,24,Mega-Route: Posta to Gongo la Mboto (Nyerere Rd)
6,"25.4°C, Clear",16.7,0.0,9,2026-08-09 15:15:24.798000+00:00,mandela_buguruni,Moderate,3,Mandela Rd (Port Link)
5,"28.3°C, Rainy",14.6,0.1,7,2026-08-05 08:38:46.611000+00:00,tazara,Moderate,2,Nyerere Rd (Tazara)
9,"23.6°C, Clear",14.8,0.0,13,2026-08-03 16:43:10.983000+00:00,uhuru_street,Heavy Jam,4,Uhuru Street (Ilala-Town)
0,"27.0°C, Cloudy",42.0,0.1,6,2026-08-08 08:06:35.133000+00:00,sam_nujoma,Smooth,6,Sam Nujoma Rd (Mwenge-Ubungo)
2,"27.7°C, Cloudy",24.0,0.1,5,2026-08-09 10:03:24.671000+00:00,morocco_intersection,Smooth,3,Kawawa Rd (Morocco to Kinondoni)
2,"29.1°C, Clear",24.0,0.0,5,2026-08-05 12:51:15.465000+00:00,morocco_intersection,Smooth,3,Kawawa Rd (Morocco to Kinondoni)
4,"24.5°C, Clear",25.2,0.0,10,2026-08-07 16:43:44.158000+00:00,sam_nujoma,Moderate,6,Sam Nujoma Rd (Mwenge-Ubungo)
6,"23.1°C, Rainy",9.0,0.7,8,2026-08-08 09:08:51.103000+00:00,fire_upanga,Moderate,2,UN Road (Fire to Upanga)
1,"27.0°C, Clear",30.0,0.0,3,2026-08-08 08:06:36.077000+00:00,kamata_gerezani,Smooth,2,Kamata / Gerezani (Port Entry)
1,"26.4°C, Clear",30.0,0.0,4,2026-08-08 14:24:25.792000+00:00,sinza_mori,Smooth,3,Sinza Road (Mori to Bamaga)
61,"25.1°C, Clear",14.7,0.0,90,2026-08-07 15:46:50.601000+00:00,posta_to_tegeta,Heavy Jam,29,Mega-Route: Posta to Tegeta (Bagamoyo Rd)
13,"22.3°C, Clear",11.7,0.0,18,2026-08-05 05:14:30.589000+00:00,kilwa_mbagala,Heavy Jam,5,Kilwa Rd (Mbagala)
4,"26.9°C, Clear",26.7,0.0,9,2026-08-03 07:51:25.789000+00:00,goba_massana,Moderate,5,Goba Road (Massana to Goba Center)
2,"20.8°C, Clear",30.0,0.0,5,2026-08-09 04:12:13.972000+00:00,changombe_road,Smooth,3,Chang'ombe Road (Temeke)
1,"28.4°C, Clear",30.0,0.0,3,2026-08-09 12:33:30.987000+00:00,kamata_gerezani,Smooth,2,Kamata / Gerezani (Port Entry)
2,"25.7°C, Clear",30.0,0.0,7,2026-08-08 14:56:40.870000+00:00,kilwa_mbagala,Smooth,5,Kilwa Rd (Mbagala)
0,"26.7°C, Clear",42.0,0.0,5,2026-08-09 14:26:13.828000+00:00,mwai_kibaki,Smooth,5,Mwai Kibaki Rd (Kawe to Mikocheni)
9,"28.5°C, Clear",6.5,0.0,11,2026-08-04 13:01:51.769000+00:00,fire_upanga,Heavy Jam,2,UN Road (Fire to Upanga)
3,"26.3°C, Clear",26.2,0.0,8,2026-08-04 15:06:57.863000+00:00,mwai_kibaki,Smooth,5,Mwai Kibaki Rd (Kawe to Mikocheni)
4,"21.6°C, Clear",12.0,0.0,6,2026-08-08 04:07:02.081000+00:00,fire_upanga,Moderate,2,UN Road (Fire to Upanga)
6,"21.3°C, Clear",16.7,0.0,9,2026-08-03 04:15:45.948000+00:00,mandela_buguruni,Moderate,3,Mandela Rd (Port Link)
3,"27.6°C, Cloudy",20.4,0.1,5,2026-08-08 12:30:30.324000+00:00,tazara,Smooth,2,Nyerere Rd (Tazara)
3,"27.4°C, Cloudy",18.0,0.1,5,2026-08-07 13:46:52.324000+00:00,old_bagamoyo,Smooth,2,Old Bagamoyo Rd (Victoria)
9,"24.6°C, Clear",7.6,0.0,11,2026-08-07 05:59:52.884000+00:00,selander,Heavy Jam,2,Ali Hassan Mwinyi
0,"22.0°C, Clear",42.0,0.0,6,2026-08-04 20:38:55.637000+00:00,sam_nujoma,Smooth,6,Sam Nujoma Rd (Mwenge-Ubungo)
1,"27.1°C, Clear",30.0,0.0,4,2026-08-07 07:58:57.785000+00:00,sinza_mori,Smooth,3,Sinza Road (Mori to Bamaga)
5,"22.8°C, Clear",22.8,0.0,10,2026-08-08 19:51:30.365000+00:00,tabata_dampo,Moderate,5,Tabata Road (Mandela to Segerea)
5,"29.4°C, Clear",14.6,0.0,7,2026-08-04 10:42:40.144000+00:00,tazara,Moderate,2,Nyerere Rd (Tazara)
2,"27.3°C, Clear",22.0,0.0,3,2026-08-04 07:57:08.581000+00:00,kariakoo,Smooth,1,Kariakoo Market Grid
5,"23.1°C, Clear",24.0,0.0,10,2026-08-08 05:13:55.967000+00:00,goba_massana,Moderate,5,Goba Road (Massana to Goba Center)
0,"27.1°C, Cloudy",42.0,0.1,6,2026-08-08 12:30:31.068000+00:00,sam_nujoma,Smooth,6,Sam Nujoma Rd (Mwenge-Ubungo)
0,"22.7°C, Clear",40.0,0.0,3,2026-08-05 22:41:14.945000+00:00,sinza_mori,Smooth,3,Sinza Road (Mori to Bamaga)
5,"23.7°C, Clear",15.0,0.0,8,2026-08-03 16:43:11.666000+00:00,morocco_intersection,Moderate,3,Kawawa Rd (Morocco to Kinondoni)
7,"22.6°C, Clear",34.8,0.0,31,2026-08-04 05:14:44.484000+00:00,posta_to_gongolamboto,Moderate,24,Mega-Route: Posta to Gongo la Mboto (Nyerere Rd)
3,"22.5°C, Clear",30.0,0.0,8,2026-08-03 20:26:55.132000+00:00,goba_massana,Smooth,5,Goba Road (Massana to Goba Center)
2,"21.3°C, Clear",22.5,0.0,4,2026-08-07 04:25:09.884000+00:00,kamata_gerezani,Smooth,2,Kamata / Gerezani (Port Entry)
2,"24.7°C, Cloudy",21.0,0.1,4,2026-08-08 10:01:39.764000+00:00,selander,Smooth,2,Ali Hassan Mwinyi
2,"22.0°C, Clear",30.0,0.0,7,2026-08-03 18:50:32.501000+00:00,kilwa_mbagala,Smooth,5,Kilwa Rd (Mbagala)
6,"22.9°C, Clear",16.7,0.0,9,2026-08-08 19:07:23.033000+00:00,mandela_buguruni,Moderate,3,Mandela Rd (Port Link)
7,"29.2°C, Cloudy",36.7,0.1,36,2026-08-06 10:44:43.324000+00:00,posta_to_tegeta,Moderate,29,Mega-Route: Posta to Tegeta (Bagamoyo Rd)
3,"27.5°C, Clear",20.4,0.0,5,2026-08-09 07:30:19.111000+00:00,tazara,Smooth,2,Nyerere Rd (Tazara)
8,"26.0°C, Clear",16.0,0.0,12,2026-08-04 15:06:57.215000+00:00,uhuru_street,Heavy Jam,4,Uhuru Street (Ilala-Town)
3,"28.5°C, Cloudy",16.8,0.1,5,2026-08-05 09:25:28.738000+00:00,selander,Smooth,2,Ali Hassan Mwinyi
0,"27.3°C, Clear",45.0,0.0,24,2026-08-03 07:51:24.923000+00:00,posta_to_gongolamboto,Smooth,24,Mega-Route: Posta to Gongo la Mboto (Nyerere Rd)
3,"27.5°C, Cloudy",18.0,0.1,5,2026-08-07 13:46:53.451000+00:00,kamata_gerezani,Smooth,2,Kamata / Gerezani (Port Entry)
2,"28.3°C, Clear",30.0,0.0,5,2026-08-06 07:57:43.300000+00:00,changombe_road,Smooth,3,Chang'ombe Road (Temeke)
2,"23.6°C, Clear",30.0,0.0,5,2026-08-08 17:55:13.604000+00:00,changombe_road,Smooth,3,Chang'ombe Road (Temeke)
0,"27.1°C, Clear",42.0,0.0,5,2026-08-03 07:51:25.537000+00:00,mwai_kibaki,Smooth,5,Mwai Kibaki Rd (Kawe to Mikocheni)
8,"28.0°C, Rainy",17.5,0.1,13,2026-08-05 08:38:47.724000+00:00,tabata_dampo,Heavy Jam,5,Tabata Road (Mandela to Segerea)
2,"27.7°C, Clear",30.0,0.0,7,2026-08-08 08:06:35.130000+00:00,kilwa_mbagala,Smooth,5,Kilwa Rd (Mbagala)
0,"27.9°C, Clear",45.0,0.0,24,2026-08-08 10:58:52.159000+00:00,posta_to_gongolamboto,Smooth,24,Mega-Route: Posta to Gongo la Mboto (Nyerere Rd)
0,"22.6°C, Clear",42.0,0.0,5,2026-08-03 20:26:54.859000+00:00,mwai_kibaki,Smooth,5,Mwai Kibaki Rd (Kawe to Mikocheni)
3,"26.3°C, Clear",28.0,0.0,9,2026-08-04 15:06:57.205000+00:00,sam_nujoma,Smooth,6,Sam Nujoma Rd (Mwenge-Ubungo)
1,"28.9°C, Clear",30.0,0.0,3,2026-08-09 11:53:57.012000+00:00,kamata_gerezani,Smooth,2,Kamata / Gerezani (Port Entry)
2,"26.6°C, Cloudy",22.5,0.1,4,2026-08-08 07:28:06.024000+00:00,mwenge,Smooth,2,Bagamoyo Rd (Mwenge)
0,"21.6°C, Clear",45.5,0.0,29,2026-08-08 04:07:00.029000+00:00,posta_to_tegeta,Smooth,29,Mega-Route: Posta to Tegeta (Bagamoyo Rd)
4,"26.6°C, Clear",13.2,0.0,5,2026-08-03 14:00:40.186000+00:00,kariakoo,Moderate,1,Kariakoo Market Grid
4,"23.0°C, Rainy",17.1,0.6,7,2026-08-08 09:08:50.697000+00:00,morocco_intersection,Moderate,3,Kawawa Rd (Morocco to Kinondoni)
7,"23.7°C, Clear",8.0,0.0,9,2026-08-03 05:40:09.009000+00:00,fire_upanga,Moderate,2,UN Road (Fire to Upanga)
1,"24.5°C, Clear",30.0,0.0,3,2026-08-08 16:13:10.921000+00:00,kamata_gerezani,Smooth,2,Kamata / Gerezani (Port Entry)
5,"26.5°C, Clear",24.0,0.0,10,2026-08-09 14:26:14.048000+00:00,goba_massana,Moderate,5,Goba Road (Massana to Goba Center)
0,"21.6°C, Clear",40.0,0.0,3,2026-08-07 00:40:20.309000+00:00,sinza_mori,Smooth,3,Sinza Road (Mori to Bamaga)
0,"20.8°C, Clear",45.5,0.0,29,2026-08-09 04:12:12.887000+00:00,posta_to_tegeta,Smooth,29,Mega-Route: Posta to Tegeta (Bagamoyo Rd)
4,"27.6°C, Cloudy",12.0,0.1,6,2026-08-08 12:30:32.339000+00:00,fire_upanga,Moderate,2,UN Road (Fire to Upanga)
0,"27.6°C, Cloudy",45.5,0.1,29,2026-08-08 12:30:31.066000+00:00,posta_to_tegeta,Smooth,29,Mega-Route: Posta to Tegeta (Bagamoyo Rd)
5,"25.2°C, Clear",18.8,0.0,8,2026-08-04 15:39:35.329000+00:00,changombe_road,Moderate,3,Chang'ombe Road (Temeke)
2,"23.2°C, Clear",30.0,0.0,7,2026-08-08 17:00:49.691000+00:00,kilwa_mbagala,Smooth,5,Kilwa Rd (Mbagala)
5,"23.8°C, Clear",22.8,0.0,10,2026-08-08 17:00:49.951000+00:00,tabata_dampo,Moderate,5,Tabata Road (Mandela to Segerea)
0,"21.6°C, Clear",45.7,0.0,23,2026-08-08 04:07:01.436000+00:00,posta_to_kimara,Smooth,23,Mega-Route: Posta to Kimara (Morogoro Rd)
4,"27.3°C, Clear",12.0,0.0,6,2026-08-03 07:51:25.488000+00:00,fire_upanga,Moderate,2,UN Road (Fire to Upanga)
1,"27.1°C, Cloudy",30.0,0.1,3,2026-08-08 12:30:31.991000+00:00,kigogo_roundabout,Smooth,2,Kawawa Rd (Kigogo Choke)
1,"24.7°C, Clear",30.0,0.0,4,2026-08-08 15:54:44.276000+00:00,sinza_mori,Smooth,3,Sinza Road (Mori to Bamaga)
0,"26.8°C, Clear",45.7,0.0,23,2026-08-07 07:36:41.268000+00:00,posta_to_kimara,Smooth,23,Mega-Route: Posta to Kimara (Morogoro Rd)
6,"29.4°C, Clear",36.2,0.0,29,2026-08-04 10:42:41.245000+00:00,posta_to_kimara,Moderate,23,Mega-Route: Posta to Kimara (Morogoro Rd)
6,"24.4°C, Clear",12.8,0.0,8,2026-08-05 16:55:13.149000+00:00,tazara,Moderate,2,Nyerere Rd (Tazara)
2,"25.8°C, Clear",21.0,0.0,4,2026-08-08 14:56:41.149000+00:00,selander,Smooth,2,Ali Hassan Mwinyi
40,"26.8°C, Clear",16.9,0.0,64,2026-08-07 14:21:49.751000+00:00,posta_to_gongolamboto,Heavy Jam,24,Mega-Route: Posta to Gongo la Mboto (Nyerere Rd)
2,"28.3°C, Clear",22.5,0.0,4,2026-08-06 12:55:05.978000+00:00,mwenge,Smooth,2,Bagamoyo Rd (Mwenge)
1,"28.5°C, Clear",30.0,0.0,3,2026-08-08 11:29:25.944000+00:00,kamata_gerezani,Smooth,2,Kamata / Gerezani (Port Entry)
7,"24.6°C, Clear",8.0,0.0,9,2026-08-07 05:59:55.196000+00:00,fire_upanga,Moderate,2,UN Road (Fire to Upanga)
0,"22.8°C, Clear",45.0,0.0,24,2026-08-08 19:51:30.333000+00:00,posta_to_gongolamboto,Smooth,24,Mega-Route: Posta to Gongo la Mboto (Nyerere Rd)
0,"25.8°C, Clear",45.7,0.0,23,2026-08-09 15:00:20.902000+00:00,posta_to_kimara,Smooth,23,Mega-Route: Posta to Kimara (Morogoro Rd)
1,"21.6°C, Clear",30.0,0.0,3,2026-08-07 00:40:18.532000+00:00,mwenge,Smooth,2,Bagamoyo Rd (Mwenge)
1,"29.2°C, Cloudy",35.0,0.1,6,2026-08-07 11:14:32.125000+00:00,mwai_kibaki,Smooth,5,Mwai Kibaki Rd (Kawe to Mikocheni)
6,"23.6°C, Clear",16.7,0.0,9,2026-08-05 18:21:00.813000+00:00,mandela_buguruni,Moderate,3,Mandela Rd (Port Link)
3,"29.0°C, Clear",16.8,0.0,5,2026-08-05 10:42:55.763000+00:00,selander,Smooth,2,Ali Hassan Mwinyi
0,"26.9°C, Clear",45.5,0.0,29,2026-08-08 07:28:07.429000+00:00,posta_to_tegeta,Smooth,29,Mega-Route: Posta to Tegeta (Bagamoyo Rd)
0,"21.5°C, Clear",45.0,0.0,24,2026-08-04 21:55:22.802000+00:00,posta_to_gongolamboto,Smooth,24,Mega-Route: Posta to Gongo la Mboto (Nyerere Rd)
10,"26.8°C, Clear",13.7,0.0,14,2026-08-07 14:21:48.700000+00:00,uhuru_street,Heavy Jam,4,Uhuru Street (Ilala)
3,"26.6°C, Clear",18.0,0.0,5,2026-08-03 14:00:40.191000+00:00,old_bagamoyo,Smooth,2,Old Bagamoyo Rd (Victoria)
3,"28.2°C, Clear",27.4,0.0,7,2026-08-06 12:55:05.411000+00:00,uhuru_street,Smooth,4,Uhuru Street (Ilala)
4,"28.7°C, Clear",17.0,0.0,6,2026-08-05 09:25:29.656000+00:00,tazara,Moderate,2,Nyerere Rd (Tazara)
6,"29.3°C, Cloudy",9.0,0.1,8,2026-08-07 11:14:32.080000+00:00,fire_upanga,Moderate,2,UN Road (Fire to Upanga)
3,"29.1°C, Clear",20.4,0.0,5,2026-08-09 11:00:37.426000+00:00,tazara,Smooth,2,Nyerere Rd (Tazara)
26,"24.4°C, Clear",5.2,0.0,29,2026-08-07 16:43:44.157000+00:00,mandela_buguruni,Heavy Jam,3,Mandela Rd (Port Link)
7,"28.5°C, Clear",36.7,0.0,36,2026-08-03 11:21:38.743000+00:00,posta_to_tegeta,Moderate,29,Mega-Route: Posta to Tegeta (Bagamoyo Rd)
0,"23.1°C, Clear",42.0,0.0,5,2026-08-09 05:29:08.776000+00:00,mwai_kibaki,Smooth,5,Mwai Kibaki Rd (Kawe to Mikocheni)
2,"28.6°C, Clear",22.5,0.0,4,2026-08-09 11:53:56.655000+00:00,mwenge,Smooth,2,Bagamoyo Rd (Mwenge)
1,"27.9°C, Clear",30.0,0.0,3,2026-08-08 10:58:52.169000+00:00,kamata_gerezani,Smooth,2,Kamata / Gerezani (Port Entry)
1,"27.3°C, Clear",30.0,0.0,3,2026-08-04 07:57:07.822000+00:00,old_bagamoyo,Smooth,2,Old Bagamoyo Rd (Victoria)
0,"27.1°C, Clear",45.7,0.0,23,2026-08-07 07:58:57.360000+00:00,posta_to_kimara,Smooth,23,Mega-Route: Posta to Kimara (Morogoro Rd)
2,"29.1°C, Clear",27.0,0.0,4,2026-08-05 12:51:14.342000+00:00,ubungo,Smooth,2,Morogoro Rd (Ubungo)
3,"22.8°C, Clear",20.4,0.0,5,2026-08-08 19:51:28.907000+00:00,tazara,Smooth,2,Nyerere Rd (Tazara)
0,"22.5°C, Clear",45.5,0.0,29,2026-08-05 22:41:14.085000+00:00,posta_to_tegeta,Smooth,29,Mega-Route: Posta to Tegeta (Bagamoyo Rd)
0,"22.0°C, Clear",40.0,0.0,3,2026-08-04 20:38:57.301000+00:00,sinza_mori,Smooth,3,Sinza Road (Mori to Bamaga)
3,"21.7°C, Clear",30.0,0.0,8,2026-08-04 21:55:23.667000+00:00,goba_massana,Smooth,5,Goba Road (Massana to Goba Center)
2,"23.8°C, Clear",30.0,0.0,7,2026-08-08 16:22:37.511000+00:00,kilwa_mbagala,Smooth,5,Kilwa Rd (Mbagala)
3,"21.4°C, Clear",26.2,0.0,8,2026-08-07 04:25:09.998000+00:00,mwai_kibaki,Smooth,5,Mwai Kibaki Rd (Kawe to Mikocheni)
5,"26.4°C, Clear",24.0,0.0,10,2026-08-08 10:58:52.923000+00:00,goba_massana,Moderate,5,Goba Road (Massana to Goba Center)
2,"28.0°C, Rainy",31.5,0.1,8,2026-08-05 08:38:47.060000+00:00,sam_nujoma,Smooth,6,Sam Nujoma Rd (Mwenge-Ubungo)
1,"22.7°C, Clear",36.0,0.0,3,2026-08-05 22:41:13.175000+00:00,ubungo,Smooth,2,Morogoro Rd (Ubungo)
2,"28.7°C, Clear",24.0,0.0,5,2026-08-09 11:00:38.282000+00:00,morocco_intersection,Smooth,3,Kawawa Rd (Morocco to Kinondoni)
5,"28.3°C, Clear",22.8,0.0,10,2026-08-06 12:55:06.666000+00:00,tabata_dampo,Moderate,5,Tabata Road (Mandela to Segerea)
2,"23.3°C, Clear",22.5,0.0,4,2026-08-08 18:24:51.314000+00:00,mwenge,Smooth,2,Bagamoyo Rd (Mwenge)
4,"28.1°C, Cloudy",12.0,0.1,6,2026-08-09 09:09:31.815000+00:00,fire_upanga,Moderate,2,UN Road (Fire to Upanga)
0,"27.1°C, Clear",42.0,0.0,6,2026-08-09 07:30:18.939000+00:00,sam_nujoma,Smooth,6,Sam Nujoma Rd (Mwenge-Ubungo)
5,"26.5°C, Cloudy",24.0,0.1,10,2026-08-08 12:30:32.669000+00:00,goba_massana,Moderate,5,Goba Road (Massana to Goba Center)
1,"26.9°C, Clear",30.0,0.0,4,2026-08-07 07:36:41.707000+00:00,sinza_mori,Smooth,3,Sinza Road (Mori to Bamaga)
5,"26.9°C, Clear",22.8,0.0,10,2026-08-07 07:36:41.369000+00:00,tabata_dampo,Moderate,5,Tabata Road (Mandela to Segerea)
3,"26.9°C, Clear",20.4,0.0,5,2026-08-08 07:28:06.390000+00:00,tazara,Smooth,2,Nyerere Rd (Tazara)
2,"28.7°C, Clear",22.5,0.0,4,2026-08-05 09:25:30.558000+00:00,kamata_gerezani,Smooth,2,Kamata / Gerezani (Port Entry)
5,"26.8°C, Clear",18.8,0.0,8,2026-08-07 14:21:49.903000+00:00,changombe_road,Moderate,3,Chang'ombe Road (Temeke)
1,"25.2°C, Clear",30.0,0.0,4,2026-08-08 06:03:55.422000+00:00,sinza_mori,Smooth,3,Sinza Road (Mori to Bamaga)
12,"21.3°C, Clear",7.3,0.0,14,2026-08-07 04:25:09.086000+00:00,tazara,Heavy Jam,2,Nyerere Rd (Tazara)
6,"29.3°C, Cloudy",19.2,0.1,10,2026-08-07 11:14:30.865000+00:00,uhuru_street,Moderate,4,Uhuru Street (Ilala)
0,"24.7°C, Cloudy",42.0,0.1,6,2026-08-08 10:01:38.748000+00:00,sam_nujoma,Smooth,6,Sam Nujoma Rd (Mwenge-Ubungo)
5,"26.4°C, Clear",22.8,0.0,10,2026-08-08 14:24:25.295000+00:00,tabata_dampo,Moderate,5,Tabata Road (Mandela to Segerea)
2,"26.6°C, Cloudy",24.0,0.1,5,2026-08-08 07:28:08.011000+00:00,morocco_intersection,Smooth,3,Kawawa Rd (Morocco to Kinondoni)
5,"29.4°C, Clear",21.3,0.0,9,2026-08-05 10:42:54.401000+00:00,uhuru_street,Moderate,4,Uhuru Street (Ilala)
44,"26.8°C, Clear",15.7,0.0,67,2026-08-07 14:21:49.778000+00:00,posta_to_kimara,Heavy Jam,23,Mega-Route: Posta to Kimara (Morogoro Rd)
0,"23.0°C, Clear",45.0,0.0,24,2026-08-03 18:50:33.168000+00:00,posta_to_gongolamboto,Smooth,24,Mega-Route: Posta to Gongo la Mboto (Nyerere Rd)
11,"23.7°C, Clear",10.7,0.0,14,2026-08-03 05:40:08.833000+00:00,mandela_buguruni,Heavy Jam,3,Mandela Rd (Port Link)
5,"24.7°C, Clear",22.8,0.0,10,2026-08-09 06:08:49.266000+00:00,tabata_dampo,Moderate,5,Tabata Road (Mandela to Segerea)
5,"27.2°C, Clear",24.0,0.0,10,2026-08-08 11:29:26.610000+00:00,goba_massana,Moderate,5,Goba Road (Massana to Goba Center)
0,"27.1°C, Clear",45.0,0.0,24,2026-08-07 07:58:57.380000+00:00,posta_to_gongolamboto,Smooth,24,Mega-Route: Posta to Gongo la Mboto (Nyerere Rd)
2,"27.0°C, Cloudy",24.0,0.1,5,2026-08-08 08:06:36.244000+00:00,morocco_intersection,Smooth,3,Kawawa Rd (Morocco to Kinondoni)
1,"28.4°C, Clear",30.0,0.0,4,2026-08-03 11:21:39.673000+00:00,sinza_mori,Smooth,3,Sinza Road (Mori to Bamaga)
2,"22.0°C, Clear",32.0,0.0,6,2026-08-03 21:46:38.605000+00:00,uhuru_street,Smooth,4,Uhuru Street (Ilala-Town)
4,"25.3°C, Clear",24.0,0.0,8,2026-08-08 06:03:54.578000+00:00,uhuru_street,Moderate,4,Uhuru Street (Ilala)
3,"23.6°C, Clear",20.4,0.0,5,2026-08-08 17:55:12.178000+00:00,tazara,Smooth,2,Nyerere Rd (Tazara)
2,"26.8°C, Clear",30.0,0.0,7,2026-08-09 14:26:12.462000+00:00,kilwa_mbagala,Smooth,5,Kilwa Rd (Mbagala)
4,"26.0°C, Cloudy",12.0,0.1,6,2026-08-08 10:01:40.653000+00:00,fire_upanga,Moderate,2,UN Road (Fire to Upanga)
3,"26.2°C, Clear",18.0,0.0,5,2026-08-06 15:12:23.227000+00:00,kigogo_roundabout,Smooth,2,Kawawa Rd (Kigogo Choke)
1,"24.0°C, Clear",30.0,0.0,3,2026-08-07 17:41:57.275000+00:00,kamata_gerezani,Smooth,2,Kamata / Gerezani (Port Entry)
2,"25.2°C, Clear",21.0,0.0,4,2026-08-08 15:24:23.950000+00:00,selander,Smooth,2,Ali Hassan Mwinyi
0,"23.1°C, Clear",42.0,0.0,6,2026-08-03 18:50:32.164000+00:00,sam_nujoma,Smooth,6,Sam Nujoma Rd (Mwenge-Ubungo)
5,"23.7°C, Clear",22.8,0.0,10,2026-08-04 17:20:20.753000+00:00,tabata_dampo,Moderate,5,Tabata Road (Mandela to Segerea)
8,"29.4°C, Clear",18.5,0.0,13,2026-08-06 10:44:45.926000+00:00,goba_massana,Heavy Jam,5,Goba Road (Massana to Goba Center)
1,"27.5°C, Clear",30.0,0.0,3,2026-08-05 07:58:12.503000+00:00,old_bagamoyo,Smooth,2,Old Bagamoyo Rd (Victoria)
3,"29.4°C, Clear",18.0,0.0,5,2026-08-04 10:42:41.003000+00:00,mwenge,Smooth,2,Bagamoyo Rd (Mwenge)
3,"28.7°C, Clear",18.0,0.0,5,2026-08-05 13:15:45.547000+00:00,old_bagamoyo,Smooth,2,Old Bagamoyo Rd (Victoria)
1,"26.6°C, Cloudy",30.0,0.1,3,2026-08-08 07:28:08.062000+00:00,kigogo_roundabout,Smooth,2,Kawawa Rd (Kigogo Choke)
3,"23.4°C, Clear",27.4,0.0,7,2026-08-07 19:45:48.167000+00:00,uhuru_street,Smooth,4,Uhuru Street (Ilala)
0,"25.7°C, Clear",42.0,0.0,6,2026-08-09 15:00:19.566000+00:00,sam_nujoma,Smooth,6,Sam Nujoma Rd (Mwenge-Ubungo)
0,"23.6°C, Clear",45.5,0.0,29,2026-08-08 17:55:12.309000+00:00,posta_to_tegeta,Smooth,29,Mega-Route: Posta to Tegeta (Bagamoyo Rd)
1,"29.1°C, Clear",30.0,0.0,3,2026-08-05 12:51:14.776000+00:00,old_bagamoyo,Smooth,2,Old Bagamoyo Rd (Victoria)
2,"28.3°C, Cloudy",22.5,0.1,4,2026-08-05 09:04:48.270000+00:00,old_bagamoyo,Smooth,2,Old Bagamoyo Rd (Victoria)
1,"28.9°C, Cloudy",30.0,0.1,3,2026-08-07 12:06:20.807000+00:00,kigogo_roundabout,Smooth,2,Kawawa Rd (Kigogo Choke)
2,"21.3°C, Clear",27.0,0.0,4,2026-08-03 04:15:25.085000+00:00,ubungo,Smooth,2,Morogoro Rd (Ubungo)
0,"27.9°C, Clear",42.0,0.0,6,2026-08-09 09:09:31.116000+00:00,sam_nujoma,Smooth,6,Sam Nujoma Rd (Mwenge-Ubungo)
3,"22.1°C, Clear",28.5,0.0,8,2026-08-03 21:46:39.006000+00:00,tabata_dampo,Smooth,5,Tabata Road (Mandela to Segerea)
3,"28.7°C, Clear",18.0,0.0,5,2026-08-04 13:01:51.752000+00:00,kigogo_roundabout,Smooth,2,Kawawa Rd (Kigogo Choke)
9,"22.4°C, Clear",7.6,0.0,11,2026-08-05 05:14:31.451000+00:00,selander,Heavy Jam,2,Ali Hassan Mwinyi
2,"28.1°C, Clear",24.0,0.0,5,2026-08-09 12:33:30.933000+00:00,morocco_intersection,Smooth,3,Kawawa Rd (Morocco to Kinondoni)
0,"24.0°C, Clear",45.7,0.0,23,2026-08-07 17:41:57.133000+00:00,posta_to_kimara,Smooth,23,Mega-Route: Posta to Kimara (Morogoro Rd)
0,"21.6°C, Clear",45.0,0.0,24,2026-08-07 00:40:19.902000+00:00,posta_to_gongolamboto,Smooth,24,Mega-Route: Posta to Gongo la Mboto (Nyerere Rd)
4,"24.0°C, Clear",24.0,0.0,8,2026-08-07 17:41:55.791000+00:00,uhuru_street,Moderate,4,Uhuru Street (Ilala)
5,"25.5°C, Clear",12.9,0.0,7,2026-08-04 15:39:34.823000+00:00,mwenge,Moderate,2,Bagamoyo Rd (Mwenge)
6,"24.5°C, Clear",16.7,0.0,9,2026-08-08 16:13:09.778000+00:00,mandela_buguruni,Moderate,3,Mandela Rd (Port Link)
4,"22.8°C, Clear",24.0,0.0,8,2026-08-08 19:51:27.719000+00:00,uhuru_street,Moderate,4,Uhuru Street (Ilala)
5,"24.4°C, Clear",18.8,0.0,8,2026-08-07 16:43:45.292000+00:00,changombe_road,Moderate,3,Chang'ombe Road (Temeke)
9,"28.8°C, Clear",12.5,0.0,12,2026-08-07 09:40:08.305000+00:00,mandela_buguruni,Heavy Jam,3,Mandela Rd (Port Link)
6,"27.2°C, Clear",16.7,0.0,9,2026-08-08 13:39:21.908000+00:00,mandela_buguruni,Moderate,3,Mandela Rd (Port Link)
2,"24.8°C, Clear",30.0,0.0,5,2026-08-08 15:54:43.779000+00:00,changombe_road,Smooth,3,Chang'ombe Road (Temeke)
1,"23.4°C, Clear",30.0,0.0,3,2026-08-07 19:45:48.176000+00:00,old_bagamoyo,Smooth,2,Old Bagamoyo Rd (Victoria)
3,"28.7°C, Clear",18.0,0.0,5,2026-08-05 13:15:46.379000+00:00,kigogo_roundabout,Smooth,2,Kawawa Rd (Kigogo Choke)
1,"21.6°C, Clear",28.0,0.0,3,2026-08-07 00:40:19.641000+00:00,selander,Smooth,2,Ali Hassan Mwinyi
1,"26.4°C, Clear",30.0,0.0,3,2026-08-08 14:24:24.815000+00:00,old_bagamoyo,Smooth,2,Old Bagamoyo Rd (Victoria)
3,"23.9°C, Clear",20.4,0.0,5,2026-08-08 17:00:49.681000+00:00,tazara,Smooth,2,Nyerere Rd (Tazara)
50,"23.6°C, Clear",14.4,0.0,73,2026-08-03 16:43:11.333000+00:00,posta_to_kimara,Heavy Jam,23,Mega-Route: Posta to Kimara (Morogoro Rd)
27,"26.8°C, Clear",7.5,0.0,32,2026-08-05 15:12:32.108000+00:00,goba_massana,Heavy Jam,5,Goba Road (Massana to Goba Center)
6,"27.1°C, Clear",16.7,0.0,9,2026-08-07 07:58:56.902000+00:00,mandela_buguruni,Moderate,3,Mandela Rd (Port Link)
1,"22.6°C, Clear",37.5,0.0,4,2026-08-05 21:37:00.307000+00:00,changombe_road,Smooth,3,Chang'ombe Road (Temeke)
2,"27.9°C, Clear",30.0,0.0,5,2026-08-08 10:58:52.171000+00:00,changombe_road,Smooth,3,Chang'ombe Road (Temeke)
7,"25.2°C, Clear",8.0,0.0,9,2026-08-03 06:25:30.106000+00:00,fire_upanga,Moderate,2,UN Road (Fire to Upanga)
2,"29.0°C, Clear",22.5,0.0,4,2026-08-05 10:42:55.797000+00:00,old_bagamoyo,Smooth,2,Old Bagamoyo Rd (Victoria)
2,"26.6°C, Clear",24.0,0.0,5,2026-08-03 14:00:41.610000+00:00,sinza_mori,Smooth,3,Sinza Road (Mori to Bamaga)
3,"21.6°C, Clear",28.5,0.0,8,2026-08-04 21:55:22.756000+00:00,tabata_dampo,Smooth,5,Tabata Road (Mandela to Segerea)
3,"22.8°C, Clear",30.0,0.0,8,2026-08-05 22:41:15.172000+00:00,goba_massana,Smooth,5,Goba Road (Massana to Goba Center)
0,"27.6°C, Clear",45.0,0.0,24,2026-08-06 07:19:01.275000+00:00,posta_to_gongolamboto,Smooth,24,Mega-Route: Posta to Gongo la Mboto (Nyerere Rd)
10,"22.6°C, Clear",9.0,0.0,12,2026-08-04 05:14:43.205000+00:00,ubungo,Heavy Jam,2,Morogoro Rd (Ubungo)
5,"26.2°C, Clear",15.4,0.0,7,2026-08-06 15:12:22.590000+00:00,ubungo,Moderate,2,Morogoro Rd (Ubungo)
3,"28.5°C, Cloudy",21.6,0.1,5,2026-08-05 09:25:30.021000+00:00,ubungo,Smooth,2,Morogoro Rd (Ubungo)
2,"27.7°C, Cloudy",21.0,0.1,4,2026-08-09 10:03:24.252000+00:00,selander,Smooth,2,Ali Hassan Mwinyi
5,"29.2°C, Cloudy",21.3,0.1,9,2026-08-06 10:44:43.488000+00:00,uhuru_street,Moderate,4,Uhuru Street (Ilala)
1,"21.6°C, Clear",30.0,0.0,4,2026-08-08 04:07:02.115000+00:00,sinza_mori,Smooth,3,Sinza Road (Mori to Bamaga)
0,"27.3°C, Clear",42.0,0.0,5,2026-08-04 07:57:09.373000+00:00,mwai_kibaki,Smooth,5,Mwai Kibaki Rd (Kawe to Mikocheni)
5,"23.2°C, Clear",22.8,0.0,10,2026-08-08 05:13:55.425000+00:00,tabata_dampo,Moderate,5,Tabata Road (Mandela to Segerea)
0,"28.0°C, Cloudy",45.5,0.1,29,2026-08-07 08:50:33.985000+00:00,posta_to_tegeta,Smooth,29,Mega-Route: Posta to Tegeta (Bagamoyo Rd)
0,"21.6°C, Clear",45.5,0.0,29,2026-08-07 00:40:19.630000+00:00,posta_to_tegeta,Smooth,29,Mega-Route: Posta to Tegeta (Bagamoyo Rd)
0,"26.6°C, Cloudy",42.0,0.1,5,2026-08-08 07:28:08.319000+00:00,mwai_kibaki,Smooth,5,Mwai Kibaki Rd (Kawe to Mikocheni)
0,"21.0°C, Clear",42.0,0.0,6,2026-08-09 04:12:13.319000+00:00,sam_nujoma,Smooth,6,Sam Nujoma Rd (Mwenge-Ubungo)
6,"28.5°C, Clear",16.7,0.0,9,2026-08-04 13:01:51.558000+00:00,changombe_road,Moderate,3,Chang'ombe Road (Temeke)
1,"27.3°C, Clear",30.0,0.0,3,2026-08-06 07:19:01.354000+00:00,kigogo_roundabout,Smooth,2,Kawawa Rd (Kigogo Choke)
44,"24.4°C, Clear",15.7,0.0,67,2026-08-07 16:43:45.275000+00:00,posta_to_kimara,Heavy Jam,23,Mega-Route: Posta to Kimara (Morogoro Rd)
2,"27.5°C, Clear",22.5,0.0,4,2026-08-05 07:58:12.279000+00:00,mwenge,Smooth,2,Bagamoyo Rd (Mwenge)
27,"28.7°C, Clear",7.1,0.0,32,2026-08-05 13:15:46.114000+00:00,tabata_dampo,Heavy Jam,5,Tabata Road (Mandela to Segerea)
4,"28.0°C, Clear",23.3,0.0,9,2026-08-03 11:21:36.991000+00:00,kilwa_mbagala,Moderate,5,Kilwa Rd (Mbagala)
6,"27.0°C, Clear",16.7,0.0,9,2026-08-08 08:06:34.747000+00:00,mandela_buguruni,Moderate,3,Mandela Rd (Port Link)
27,"24.9°C, Clear",7.5,0.0,32,2026-08-07 15:46:51.812000+00:00,goba_massana,Heavy Jam,5,Goba Road (Massana to Goba Center)
0,"22.0°C, Clear",42.0,0.0,5,2026-08-04 20:38:57.010000+00:00,mwai_kibaki,Smooth,5,Mwai Kibaki Rd (Kawe to Mikocheni)
1,"26.4°C, Clear",30.0,0.0,3,2026-08-08 14:24:25.483000+00:00,kigogo_roundabout,Smooth,2,Kawawa Rd (Kigogo Choke)
5,"25.2°C, Clear",18.8,0.0,8,2026-08-03 06:16:11.528000+00:00,changombe_road,Moderate,3,Chang'ombe Road (Temeke)
15,"23.5°C, Clear",10.5,0.0,20,2026-08-06 05:16:23.178000+00:00,kilwa_mbagala,Heavy Jam,5,Kilwa Rd (Mbagala)
9,"25.2°C, Clear",7.6,0.0,11,2026-08-03 06:16:10.260000+00:00,selander,Heavy Jam,2,Ali Hassan Mwinyi
3,"28.5°C, Clear",18.0,0.0,5,2026-08-07 09:40:08.767000+00:00,mwenge,Smooth,2,Bagamoyo Rd (Mwenge)
1,"28.2°C, Clear",30.0,0.0,3,2026-08-06 12:55:06.776000+00:00,kamata_gerezani,Smooth,2,Kamata / Gerezani (Port Entry)
1,"27.7°C, Clear",30.0,0.0,3,2026-08-09 08:09:44.594000+00:00,old_bagamoyo,Smooth,2,Old Bagamoyo Rd (Victoria)
2,"28.3°C, Clear",22.5,0.0,4,2026-08-07 09:21:17.775000+00:00,old_bagamoyo,Smooth,2,Old Bagamoyo Rd (Victoria)
6,"28.5°C, Clear",16.7,0.0,9,2026-08-08 11:29:25.022000+00:00,mandela_buguruni,Moderate,3,Mandela Rd (Port Link)
3,"23.7°C, Clear",20.4,0.0,5,2026-08-07 18:42:42.670000+00:00,tazara,Smooth,2,Nyerere Rd (Tazara)
39,"26.5°C, Clear",17.1,0.0,63,2026-08-03 14:00:40.872000+00:00,posta_to_gongolamboto,Heavy Jam,24,Mega-Route: Posta to Gongo la Mboto (Nyerere Rd)
2,"27.5°C, Clear",22.0,0.0,3,2026-08-05 07:58:11.844000+00:00,kariakoo,Smooth,1,Kariakoo Market Grid
5,"27.5°C, Cloudy",18.8,0.1,8,2026-08-07 13:46:53.450000+00:00,changombe_road,Moderate,3,Chang'ombe Road (Temeke)
5,"25.1°C, Clear",15.0,0.0,8,2026-08-07 15:46:51.162000+00:00,morocco_intersection,Moderate,3,Kawawa Rd (Morocco to Kinondoni)
0,"21.0°C, Clear",42.0,0.0,5,2026-08-09 04:12:14.288000+00:00,mwai_kibaki,Smooth,5,Mwai Kibaki Rd (Kawe to Mikocheni)
1,"29.1°C, Clear",30.0,0.0,3,2026-08-09 11:00:38.160000+00:00,kamata_gerezani,Smooth,2,Kamata / Gerezani (Port Entry)
1,"21.6°C, Clear",30.0,0.0,3,2026-08-07 00:40:20.230000+00:00,kigogo_roundabout,Smooth,2,Kawawa Rd (Kigogo Choke)
3,"27.0°C, Clear",20.4,0.0,5,2026-08-08 08:06:35.062000+00:00,tazara,Smooth,2,Nyerere Rd (Tazara)
3,"23.0°C, Clear",27.4,0.0,7,2026-08-03 18:50:32.484000+00:00,uhuru_street,Smooth,4,Uhuru Street (Ilala-Town)
8,"26.2°C, Clear",7.2,0.0,10,2026-08-06 15:12:23.522000+00:00,fire_upanga,Heavy Jam,2,UN Road (Fire to Upanga)
1,"20.6°C, Clear",35.0,0.0,6,2026-08-03 21:46:37.239000+00:00,kilwa_mbagala,Smooth,5,Kilwa Rd (Mbagala)
8,"29.0°C, Clear",17.5,0.0,13,2026-08-05 10:42:56.121000+00:00,tabata_dampo,Heavy Jam,5,Tabata Road (Mandela to Segerea)
3,"28.5°C, Clear",18.0,0.0,5,2026-08-05 13:15:46.346000+00:00,kamata_gerezani,Smooth,2,Kamata / Gerezani (Port Entry)
9,"21.4°C, Clear",7.6,0.0,11,2026-08-07 04:25:08.427000+00:00,selander,Heavy Jam,2,Ali Hassan Mwinyi
3,"24.3°C, Clear",20.4,0.0,5,2026-08-08 16:22:37.371000+00:00,tazara,Smooth,2,Nyerere Rd (Tazara)
7,"27.2°C, Clear",17.5,0.0,12,2026-08-07 13:46:52.265000+00:00,kilwa_mbagala,Moderate,5,Kilwa Rd (Mbagala)
47,"26.2°C, Clear",15.0,0.0,70,2026-08-06 15:12:22.915000+00:00,posta_to_kimara,Heavy Jam,23,Mega-Route: Posta to Kimara (Morogoro Rd)
0,"28.4°C, Clear",45.5,0.0,29,2026-08-09 12:33:29.205000+00:00,posta_to_tegeta,Smooth,29,Mega-Route: Posta to Tegeta (Bagamoyo Rd)
0,"27.5°C, Clear",45.5,0.0,29,2026-08-09 07:30:18.662000+00:00,posta_to_tegeta,Smooth,29,Mega-Route: Posta to Tegeta (Bagamoyo Rd)
2,"23.0°C, Rainy",22.5,0.6,4,2026-08-08 09:08:50.884000+00:00,kigogo_roundabout,Smooth,2,Kawawa Rd (Kigogo Choke)
1,"28.1°C, Cloudy",30.0,0.1,3,2026-08-09 09:09:31.420000+00:00,kamata_gerezani,Smooth,2,Kamata / Gerezani (Port Entry)
6,"25.2°C, Clear",19.2,0.0,10,2026-08-03 06:16:10.859000+00:00,uhuru_street,Moderate,4,Uhuru Street (Ilala-Town)
2,"26.9°C, Clear",30.0,0.0,5,2026-08-08 07:28:07.799000+00:00,changombe_road,Smooth,3,Chang'ombe Road (Temeke)
1,"22.7°C, Clear",28.0,0.0,3,2026-08-05 22:41:14.252000+00:00,selander,Smooth,2,Ali Hassan Mwinyi
5,"26.8°C, Clear",15.0,0.0,8,2026-08-07 14:21:49.916000+00:00,morocco_intersection,Moderate,3,Kawawa Rd (Morocco to Kinondoni)
1,"22.5°C, Clear",37.5,0.0,4,2026-08-04 19:00:32.216000+00:00,changombe_road,Smooth,3,Chang'ombe Road (Temeke)
59,"26.0°C, Clear",15.0,0.0,88,2026-08-04 15:06:57.498000+00:00,posta_to_tegeta,Heavy Jam,29,Mega-Route: Posta to Tegeta (Bagamoyo Rd)
1,"22.1°C, Clear",36.0,0.0,3,2026-08-03 21:46:38.286000+00:00,ubungo,Smooth,2,Morogoro Rd (Ubungo)
4,"25.8°C, Clear",24.0,0.0,8,2026-08-09 15:00:20.463000+00:00,uhuru_street,Moderate,4,Uhuru Street (Ilala)
0,"28.9°C, Clear",45.7,0.0,23,2026-08-09 11:53:56.914000+00:00,posta_to_kimara,Smooth,23,Mega-Route: Posta to Kimara (Morogoro Rd)
1,"27.4°C, Clear",30.0,0.0,3,2026-08-09 13:42:43.640000+00:00,kigogo_roundabout,Smooth,2,Kawawa Rd (Kigogo Choke)
2,"23.1°C, Clear",21.0,0.0,4,2026-08-09 05:29:07.160000+00:00,selander,Smooth,2,Ali Hassan Mwinyi
0,"23.4°C, Clear",45.0,0.0,24,2026-08-08 18:24:52.651000+00:00,posta_to_gongolamboto,Smooth,24,Mega-Route: Posta to Gongo la Mboto (Nyerere Rd)
1,"26.6°C, Cloudy",30.0,0.1,4,2026-08-08 07:28:08.364000+00:00,sinza_mori,Smooth,3,Sinza Road (Mori to Bamaga)
9,"29.4°C, Clear",16.3,0.0,14,2026-08-04 10:42:41.246000+00:00,tabata_dampo,Heavy Jam,5,Tabata Road (Mandela to Segerea)
0,"27.7°C, Clear",45.5,0.0,29,2026-08-09 13:42:42.164000+00:00,posta_to_tegeta,Smooth,29,Mega-Route: Posta to Tegeta (Bagamoyo Rd)
0,"23.0°C, Clear",45.7,0.0,23,2026-08-03 18:50:33.164000+00:00,posta_to_kimara,Smooth,23,Mega-Route: Posta to Kimara (Morogoro Rd)
5,"23.1°C, Clear",22.8,0.0,10,2026-08-09 05:29:08.066000+00:00,tabata_dampo,Moderate,5,Tabata Road (Mandela to Segerea)
4,"25.4°C, Clear",24.0,0.0,8,2026-08-09 15:15:25.256000+00:00,uhuru_street,Moderate,4,Uhuru Street (Ilala)
4,"22.9°C, Clear",12.0,0.0,6,2026-08-08 19:07:25.338000+00:00,fire_upanga,Moderate,2,UN Road (Fire to Upanga)
2,"24.7°C, Clear",24.0,0.0,5,2026-08-08 15:54:43.794000+00:00,morocco_intersection,Smooth,3,Kawawa Rd (Morocco to Kinondoni)
5,"23.7°C, Clear",22.8,0.0,10,2026-08-07 18:42:42.996000+00:00,tabata_dampo,Moderate,5,Tabata Road (Mandela to Segerea)
1,"21.6°C, Clear",28.0,0.0,3,2026-08-04 21:55:22.452000+00:00,selander,Smooth,2,Ali Hassan Mwinyi
1,"23.2°C, Clear",30.0,0.0,3,2026-08-08 05:13:55.478000+00:00,kigogo_roundabout,Smooth,2,Kawawa Rd (Kigogo Choke)
40,"28.5°C, Clear",16.9,0.0,64,2026-08-05 13:15:46.313000+00:00,posta_to_gongolamboto,Heavy Jam,24,Mega-Route: Posta to Gongo la Mboto (Nyerere Rd)
2,"23.9°C, Clear",27.0,0.0,4,2026-08-07 17:41:56.669000+00:00,ubungo,Smooth,2,Morogoro Rd (Ubungo)
2,"26.9°C, Clear",27.0,0.0,4,2026-08-08 13:39:20.551000+00:00,ubungo,Smooth,2,Morogoro Rd (Ubungo)
1,"27.2°C, Clear",30.0,0.0,3,2026-08-08 13:39:22.255000+00:00,kamata_gerezani,Smooth,2,Kamata / Gerezani (Port Entry)
11,"26.3°C, Clear",8.6,0.0,14,2026-08-06 06:44:18.164000+00:00,morocco_intersection,Heavy Jam,3,Kawawa Rd (Morocco to Kinondoni)
0,"28.9°C, Clear",45.0,0.0,24,2026-08-09 11:53:56.926000+00:00,posta_to_gongolamboto,Smooth,24,Mega-Route: Posta to Gongo la Mboto (Nyerere Rd)
2,"23.6°C, Clear",30.0,0.0,5,2026-08-05 18:21:01.132000+00:00,changombe_road,Smooth,3,Chang'ombe Road (Temeke)
3,"21.0°C, Clear",27.4,,7,2026-08-03 02:51:26.305000+00:00,uhuru_street,Smooth,4,Uhuru Street (Ilala-Town)
2,"28.6°C, Clear",30.0,0.0,7,2026-08-09 12:33:29.388000+00:00,kilwa_mbagala,Smooth,5,Kilwa Rd (Mbagala)
3,"29.0°C, Clear",21.6,0.0,5,2026-08-05 10:42:55.440000+00:00,ubungo,Smooth,2,Morogoro Rd (Ubungo)
5,"21.0°C, Clear",24.0,,10,2026-08-03 02:51:24.351000+00:00,goba_massana,Moderate,5,Goba Road (Massana to Goba Center)
3,"24.6°C, Clear",26.2,0.0,8,2026-08-05 16:55:15.139000+00:00,mwai_kibaki,Smooth,5,Mwai Kibaki Rd (Kawe to Mikocheni)
1,"27.1°C, Cloudy",30.0,0.1,3,2026-08-08 12:30:31.470000+00:00,old_bagamoyo,Smooth,2,Old Bagamoyo Rd (Victoria)
2,"28.7°C, Clear",30.0,0.0,7,2026-08-08 11:55:15.295000+00:00,kilwa_mbagala,Smooth,5,Kilwa Rd (Mbagala)
2,"22.4°C, Clear",32.0,0.0,6,2026-08-03 20:26:53.094000+00:00,uhuru_street,Smooth,4,Uhuru Street (Ilala-Town)
1,"29.4°C, Clear",30.0,0.0,4,2026-08-04 10:42:41.880000+00:00,sinza_mori,Smooth,3,Sinza Road (Mori to Bamaga)
0,"25.4°C, Clear",45.7,0.0,23,2026-08-08 15:24:24.982000+00:00,posta_to_kimara,Smooth,23,Mega-Route: Posta to Kimara (Morogoro Rd)
3,"28.5°C, Clear",16.8,0.0,5,2026-08-07 09:40:08.729000+00:00,selander,Smooth,2,Ali Hassan Mwinyi
0,"23.7°C, Clear",42.0,0.0,6,2026-08-04 17:20:20.432000+00:00,sam_nujoma,Smooth,6,Sam Nujoma Rd (Mwenge-Ubungo)
4,"23.9°C, Clear",12.0,0.0,6,2026-08-08 17:00:50.352000+00:00,fire_upanga,Moderate,2,UN Road (Fire to Upanga)
0,"22.6°C, Clear",45.5,0.0,29,2026-08-05 21:36:59.918000+00:00,posta_to_tegeta,Smooth,29,Mega-Route: Posta to Tegeta (Bagamoyo Rd)
3,"27.2°C, Clear",20.4,0.0,5,2026-08-08 13:39:21.942000+00:00,tazara,Smooth,2,Nyerere Rd (Tazara)
4,"24.3°C, Clear",24.0,0.0,8,2026-08-08 16:22:37.162000+00:00,uhuru_street,Moderate,4,Uhuru Street (Ilala)
2,"28.3°C, Clear",31.5,0.0,8,2026-08-07 09:21:17.156000+00:00,sam_nujoma,Smooth,6,Sam Nujoma Rd (Mwenge-Ubungo)
3,"23.3°C, Clear",20.4,0.0,5,2026-08-08 05:13:54.010000+00:00,tazara,Smooth,2,Nyerere Rd (Tazara)
0,"27.8°C, Cloudy",45.5,0.1,29,2026-08-07 08:38:18.649000+00:00,posta_to_tegeta,Smooth,29,Mega-Route: Posta to Tegeta (Bagamoyo Rd)
3,"28.3°C, Clear",27.4,0.0,7,2026-08-06 07:57:42.212000+00:00,uhuru_street,Smooth,4,Uhuru Street (Ilala)
2,"21.3°C, Clear",22.0,0.0,3,2026-08-03 04:15:25.071000+00:00,kariakoo,Smooth,1,Kariakoo Market Grid
2,"23.7°C, Clear",24.0,0.0,5,2026-08-04 17:20:21.107000+00:00,morocco_intersection,Smooth,3,Kawawa Rd (Morocco to Kinondoni)
4,"28.0°C, Cloudy",24.0,0.1,8,2026-08-07 08:50:33.192000+00:00,uhuru_street,Moderate,4,Uhuru Street (Ilala)
3,"26.0°C, Cloudy",20.4,0.1,5,2026-08-08 10:01:39.365000+00:00,tazara,Smooth,2,Nyerere Rd (Tazara)
0,"27.2°C, Clear",45.7,0.0,23,2026-08-08 13:39:22.257000+00:00,posta_to_kimara,Smooth,23,Mega-Route: Posta to Kimara (Morogoro Rd)
16,"22.5°C, Clear",10.0,0.0,21,2026-08-04 05:14:44.198000+00:00,kilwa_mbagala,Heavy Jam,5,Kilwa Rd (Mbagala)
0,"27.3°C, Clear",42.0,0.0,6,2026-08-04 07:57:08.333000+00:00,sam_nujoma,Smooth,6,Sam Nujoma Rd (Mwenge-Ubungo)
4,"27.8°C, Cloudy",12.0,0.1,6,2026-08-07 08:38:20.693000+00:00,fire_upanga,Moderate,2,UN Road (Fire to Upanga)
2,"23.8°C, Clear",27.0,0.0,4,2026-08-08 17:00:48.843000+00:00,ubungo,Smooth,2,Morogoro Rd (Ubungo)
5,"27.9°C, Clear",22.8,0.0,10,2026-08-07 08:50:34.260000+00:00,tabata_dampo,Moderate,5,Tabata Road (Mandela to Segerea)
3,"24.5°C, Clear",18.0,0.0,5,2026-08-07 16:43:45.035000+00:00,old_bagamoyo,Smooth,2,Old Bagamoyo Rd (Victoria)
6,"24.9°C, Clear",16.7,0.0,9,2026-08-09 06:08:48.355000+00:00,mandela_buguruni,Moderate,3,Mandela Rd (Port Link)
9,"23.7°C, Clear",9.8,0.0,11,2026-08-03 05:40:04.955000+00:00,ubungo,Heavy Jam,2,Morogoro Rd (Ubungo)
2,"22.0°C, Clear",22.0,0.0,3,2026-08-04 20:38:55.092000+00:00,kariakoo,Smooth,1,Kariakoo Market Grid
3,"22.6°C, Clear",18.0,0.0,5,2026-08-04 05:14:45.056000+00:00,kigogo_roundabout,Smooth,2,Kawawa Rd (Kigogo Choke)
2,"21.0°C, Clear",27.0,,4,2026-08-03 02:51:24.308000+00:00,ubungo,Smooth,2,Morogoro Rd (Ubungo)
26,"26.8°C, Clear",5.2,0.0,29,2026-08-07 14:21:48.298000+00:00,mandela_buguruni,Heavy Jam,3,Mandela Rd (Port Link)
3,"29.2°C, Cloudy",25.0,0.1,6,2026-08-06 10:44:45.162000+00:00,changombe_road,Smooth,3,Chang'ombe Road (Temeke)
2,"23.7°C, Clear",22.0,0.0,3,2026-08-04 17:20:19.466000+00:00,kariakoo,Smooth,1,Kariakoo Market Grid
1,"28.1°C, Clear",30.0,0.0,3,2026-08-09 12:33:30.889000+00:00,kigogo_roundabout,Smooth,2,Kawawa Rd (Kigogo Choke)
1,"22.6°C, Clear",30.0,0.0,4,2026-08-03 20:26:54.616000+00:00,morocco_intersection,Smooth,3,Kawawa Rd (Morocco to Kinondoni)
2,"25.3°C, Clear",22.5,0.0,4,2026-08-09 15:15:25.861000+00:00,mwenge,Smooth,2,Bagamoyo Rd (Mwenge)
1,"29.0°C, Clear",30.0,0.0,4,2026-08-05 10:42:56.754000+00:00,sinza_mori,Smooth,3,Sinza Road (Mori to Bamaga)
0,"27.3°C, Clear",45.7,0.0,23,2026-08-04 07:57:08.877000+00:00,posta_to_kimara,Smooth,23,Mega-Route: Posta to Kimara (Morogoro Rd)
10,"22.5°C, Clear",11.5,0.0,13,2026-08-05 05:14:31.066000+00:00,mandela_buguruni,Heavy Jam,3,Mandela Rd (Port Link)
5,"25.5°C, Clear",15.0,0.0,8,2026-08-04 15:39:35.341000+00:00,morocco_intersection,Moderate,3,Kawawa Rd (Morocco to Kinondoni)
6,"26.9°C, Clear",16.7,0.0,9,2026-08-09 14:26:12.302000+00:00,mandela_buguruni,Moderate,3,Mandela Rd (Port Link)
0,"23.9°C, Clear",45.7,0.0,23,2026-08-08 17:00:49.915000+00:00,posta_to_kimara,Smooth,23,Mega-Route: Posta to Kimara (Morogoro Rd)
5,"26.2°C, Cloudy",24.0,0.1,10,2026-08-08 07:28:08.689000+00:00,goba_massana,Moderate,5,Goba Road (Massana to Goba Center)
3,"22.5°C, Clear",14.4,0.0,5,2026-08-04 19:00:32.685000+00:00,fire_upanga,Smooth,2,UN Road (Fire to Upanga)
2,"28.4°C, Clear",31.5,0.0,8,2026-08-03 11:21:37.442000+00:00,sam_nujoma,Smooth,6,Sam Nujoma Rd (Mwenge-Ubungo)
1,"24.7°C, Clear",30.0,0.0,3,2026-08-09 06:08:49.404000+00:00,kigogo_roundabout,Smooth,2,Kawawa Rd (Kigogo Choke)
1,"20.8°C, Clear",30.0,0.0,3,2026-08-09 04:12:13.872000+00:00,kamata_gerezani,Smooth,2,Kamata / Gerezani (Port Entry)
1,"25.8°C, Clear",30.0,0.0,3,2026-08-08 14:56:42.091000+00:00,old_bagamoyo,Smooth,2,Old Bagamoyo Rd (Victoria)
2,"25.7°C, Clear",24.0,0.0,5,2026-08-09 15:00:21.386000+00:00,morocco_intersection,Smooth,3,Kawawa Rd (Morocco to Kinondoni)
6,"28.4°C, Clear",12.8,0.0,8,2026-08-07 13:11:26.452000+00:00,tazara,Moderate,2,Nyerere Rd (Tazara)
2,"28.6°C, Clear",27.0,0.0,4,2026-08-09 11:53:56.393000+00:00,ubungo,Smooth,2,Morogoro Rd (Ubungo)
2,"25.5°C, Clear",24.0,0.0,5,2026-08-04 15:39:35.899000+00:00,sinza_mori,Smooth,3,Sinza Road (Mori to Bamaga)
5,"28.7°C, Clear",12.9,0.0,7,2026-08-05 13:15:45.527000+00:00,mwenge,Moderate,2,Bagamoyo Rd (Mwenge)
3,"26.0°C, Clear",20.4,0.0,5,2026-08-08 14:56:42.096000+00:00,tazara,Smooth,2,Nyerere Rd (Tazara)
5,"25.6°C, Clear",24.0,0.0,10,2026-08-08 14:56:43.361000+00:00,goba_massana,Moderate,5,Goba Road (Massana to Goba Center)
5,"26.6°C, Cloudy",24.0,0.1,10,2026-08-08 08:06:36.741000+00:00,goba_massana,Moderate,5,Goba Road (Massana to Goba Center)
1,"22.1°C, Clear",30.0,0.0,3,2026-08-03 21:46:38.312000+00:00,mwenge,Smooth,2,Bagamoyo Rd (Mwenge)
0,"28.4°C, Clear",45.7,0.0,23,2026-08-09 12:33:30.903000+00:00,posta_to_kimara,Smooth,23,Mega-Route: Posta to Kimara (Morogoro Rd)
27,"26.3°C, Clear",7.5,0.0,32,2026-08-07 14:21:50.478000+00:00,goba_massana,Heavy Jam,5,Goba Road (Massana to Goba Center)
2,"24.7°C, Clear",21.0,0.0,4,2026-08-09 06:08:47.543000+00:00,selander,Smooth,2,Ali Hassan Mwinyi
2,"29.2°C, Cloudy",31.5,0.1,8,2026-08-07 11:14:29.786000+00:00,sam_nujoma,Smooth,6,Sam Nujoma Rd (Mwenge-Ubungo)
2,"24.8°C, Clear",30.0,0.0,7,2026-08-09 06:08:47.662000+00:00,kilwa_mbagala,Smooth,5,Kilwa Rd (Mbagala)
1,"23.4°C, Clear",30.0,0.0,3,2026-08-07 19:45:48.530000+00:00,kamata_gerezani,Smooth,2,Kamata / Gerezani (Port Entry)
2,"26.7°C, Clear",24.0,0.0,5,2026-08-09 14:26:13.621000+00:00,morocco_intersection,Smooth,3,Kawawa Rd (Morocco to Kinondoni)
0,"27.3°C, Clear",42.0,0.0,6,2026-08-06 07:18:59.825000+00:00,sam_nujoma,Smooth,6,Sam Nujoma Rd (Mwenge-Ubungo)
2,"29.2°C, Cloudy",22.5,0.1,4,2026-08-07 11:14:31.245000+00:00,old_bagamoyo,Smooth,2,Old Bagamoyo Rd (Victoria)
4,"28.0°C, Clear",12.0,0.0,6,2026-08-09 08:09:46.029000+00:00,fire_upanga,Moderate,2,UN Road (Fire to Upanga)
9,"23.7°C, Clear",7.6,0.0,11,2026-08-03 05:40:08.118000+00:00,selander,Heavy Jam,2,Ali Hassan Mwinyi
9,"28.4°C, Clear",12.5,0.0,12,2026-08-07 09:21:17.811000+00:00,mandela_buguruni,Heavy Jam,3,Mandela Rd (Port Link)
1,"27.8°C, Clear",30.0,0.0,3,2026-08-08 11:29:25.982000+00:00,kigogo_roundabout,Smooth,2,Kawawa Rd (Kigogo Choke)
0,"22.9°C, Clear",45.7,0.0,23,2026-08-08 19:07:24.744000+00:00,posta_to_kimara,Smooth,23,Mega-Route: Posta to Kimara (Morogoro Rd)
1,"21.9°C, Clear",30.0,0.0,3,2026-08-04 20:38:56.434000+00:00,kamata_gerezani,Smooth,2,Kamata / Gerezani (Port Entry)
0,"28.1°C, Clear",42.0,0.0,6,2026-08-09 12:33:29.986000+00:00,sam_nujoma,Smooth,6,Sam Nujoma Rd (Mwenge-Ubungo)
12,"25.2°C, Clear",7.3,0.0,14,2026-08-03 06:16:11.145000+00:00,tazara,Heavy Jam,2,Nyerere Rd (Tazara)
1,"27.7°C, Clear",30.0,0.0,4,2026-08-09 08:09:46.055000+00:00,sinza_mori,Smooth,3,Sinza Road (Mori to Bamaga)
40,"26.5°C, Clear",16.9,0.0,64,2026-08-05 15:12:31.436000+00:00,posta_to_gongolamboto,Heavy Jam,24,Mega-Route: Posta to Gongo la Mboto (Nyerere Rd)
2,"27.5°C, Clear",27.0,0.0,4,2026-08-05 07:58:12.453000+00:00,ubungo,Smooth,2,Morogoro Rd (Ubungo)
3,"28.3°C, Clear",16.8,0.0,5,2026-08-07 09:21:18.093000+00:00,selander,Smooth,2,Ali Hassan Mwinyi
0,"27.3°C, Clear",45.0,0.0,24,2026-08-04 07:57:08.865000+00:00,posta_to_gongolamboto,Smooth,24,Mega-Route: Posta to Gongo la Mboto (Nyerere Rd)
5,"28.7°C, Clear",21.3,0.0,9,2026-08-05 09:25:29.046000+00:00,uhuru_street,Moderate,4,Uhuru Street (Ilala-Town)
0,"26.8°C, Clear",45.0,0.0,24,2026-08-07 07:36:41.366000+00:00,posta_to_gongolamboto,Smooth,24,Mega-Route: Posta to Gongo la Mboto (Nyerere Rd)
3,"28.3°C, Clear",20.0,0.0,6,2026-08-07 09:21:18.562000+00:00,morocco_intersection,Smooth,3,Kawawa Rd (Morocco to Kinondoni)
26,"27.5°C, Cloudy",5.2,0.1,29,2026-08-07 13:46:53.055000+00:00,mandela_buguruni,Heavy Jam,3,Mandela Rd (Port Link)
3,"28.7°C, Clear",18.0,0.0,5,2026-08-04 13:01:51.100000+00:00,old_bagamoyo,Smooth,2,Old Bagamoyo Rd (Victoria)
0,"28.2°C, Clear",45.7,0.0,23,2026-08-06 12:55:06.604000+00:00,posta_to_kimara,Smooth,23,Mega-Route: Posta to Kimara (Morogoro Rd)
2,"29.3°C, Cloudy",22.5,0.1,4,2026-08-07 11:14:31.520000+00:00,kamata_gerezani,Smooth,2,Kamata / Gerezani (Port Entry)
24,"23.6°C, Clear",5.6,0.0,27,2026-08-03 16:43:10.980000+00:00,mandela_buguruni,Heavy Jam,3,Mandela Rd (Port Link)
2,"27.5°C, Clear",30.0,0.0,5,2026-08-09 07:30:20.073000+00:00,changombe_road,Smooth,3,Chang'ombe Road (Temeke)
5,"27.6°C, Cloudy",24.0,0.1,10,2026-08-09 09:09:32.096000+00:00,goba_massana,Moderate,5,Goba Road (Massana to Goba Center)
6,"28.9°C, Clear",16.7,0.0,9,2026-08-09 11:53:55.883000+00:00,mandela_buguruni,Moderate,3,Mandela Rd (Port Link)
2,"27.8°C, Clear",24.0,0.0,5,2026-08-08 11:29:25.970000+00:00,morocco_intersection,Smooth,3,Kawawa Rd (Morocco to Kinondoni)
7,"29.3°C, Cloudy",36.7,0.1,36,2026-08-07 11:14:30.156000+00:00,posta_to_tegeta,Moderate,29,Mega-Route: Posta to Tegeta (Bagamoyo Rd)
5,"23.7°C, Clear",22.8,0.0,10,2026-08-05 18:21:01.187000+00:00,tabata_dampo,Moderate,5,Tabata Road (Mandela to Segerea)
1,"23.1°C, Clear",30.0,0.0,3,2026-08-05 20:12:52.848000+00:00,kigogo_roundabout,Smooth,2,Kawawa Rd (Kigogo Choke)
6,"26.0°C, Cloudy",16.7,0.1,9,2026-08-08 10:01:39.700000+00:00,mandela_buguruni,Moderate,3,Mandela Rd (Port Link)
0,"22.6°C, Clear",45.0,0.0,24,2026-08-05 21:37:00.283000+00:00,posta_to_gongolamboto,Smooth,24,Mega-Route: Posta to Gongo la Mboto (Nyerere Rd)
1,"22.0°C, Clear",28.0,0.0,3,2026-08-04 20:38:54.648000+00:00,selander,Smooth,2,Ali Hassan Mwinyi
0,"27.9°C, Clear",42.0,0.0,6,2026-08-08 11:55:14.985000+00:00,sam_nujoma,Smooth,6,Sam Nujoma Rd (Mwenge-Ubungo)
6,"25.3°C, Clear",16.7,0.0,9,2026-08-08 06:03:54.114000+00:00,mandela_buguruni,Moderate,3,Mandela Rd (Port Link)
6,"25.8°C, Clear",16.7,0.0,9,2026-08-09 15:00:19.256000+00:00,mandela_buguruni,Moderate,3,Mandela Rd (Port Link)
1,"22.6°C, Clear",35.0,0.0,6,2026-08-07 19:45:47.346000+00:00,kilwa_mbagala,Smooth,5,Kilwa Rd (Mbagala)
0,"23.3°C, Clear",42.0,0.0,5,2026-08-08 18:24:53.210000+00:00,mwai_kibaki,Smooth,5,Mwai Kibaki Rd (Kawe to Mikocheni)
40,"26.3°C, Clear",16.9,0.0,64,2026-08-07 14:46:46.899000+00:00,posta_to_gongolamboto,Heavy Jam,24,Mega-Route: Posta to Gongo la Mboto (Nyerere Rd)
2,"21.3°C, Clear",24.0,0.0,5,2026-08-03 04:15:27.752000+00:00,morocco_intersection,Smooth,3,Kawawa Rd (Morocco to Kinondoni)
1,"22.1°C, Clear",28.0,0.0,3,2026-08-03 21:46:37.558000+00:00,selander,Smooth,2,Ali Hassan Mwinyi
2,"27.9°C, Clear",22.5,0.0,4,2026-08-09 09:09:29.997000+00:00,mwenge,Smooth,2,Bagamoyo Rd (Mwenge)
3,"29.4°C, Clear",18.0,0.0,5,2026-08-06 10:44:44.381000+00:00,mwenge,Smooth,2,Bagamoyo Rd (Mwenge)
6,"24.0°C, Clear",16.7,0.0,9,2026-08-07 17:41:56.001000+00:00,mandela_buguruni,Moderate,3,Mandela Rd (Port Link)
1,"23.1°C, Clear",30.0,0.0,3,2026-08-05 20:12:51.205000+00:00,old_bagamoyo,Smooth,2,Old Bagamoyo Rd (Victoria)
2,"24.4°C, Clear",22.5,0.0,4,2026-08-08 16:13:09.724000+00:00,mwenge,Smooth,2,Bagamoyo Rd (Mwenge)
1,"28.0°C, Clear",30.0,0.0,3,2026-08-09 08:09:45.738000+00:00,kamata_gerezani,Smooth,2,Kamata / Gerezani (Port Entry)
4,"28.4°C, Clear",38.9,0.0,27,2026-08-07 09:21:18.376000+00:00,posta_to_kimara,Moderate,23,Mega-Route: Posta to Kimara (Morogoro Rd)
0,"22.8°C, Clear",45.7,0.0,23,2026-08-08 19:51:30.333000+00:00,posta_to_kimara,Smooth,23,Mega-Route: Posta to Kimara (Morogoro Rd)
0,"23.5°C, Clear",42.0,0.0,5,2026-08-08 17:55:14.234000+00:00,mwai_kibaki,Smooth,5,Mwai Kibaki Rd (Kawe to Mikocheni)
6,"26.8°C, Clear",16.7,0.0,9,2026-08-07 07:36:40.735000+00:00,mandela_buguruni,Moderate,3,Mandela Rd (Port Link)
0,"28.2°C, Clear",45.5,0.0,29,2026-08-06 12:55:05.413000+00:00,posta_to_tegeta,Smooth,29,Mega-Route: Posta to Tegeta (Bagamoyo Rd)
10,"26.3°C, Clear",13.7,0.0,14,2026-08-07 14:46:45.380000+00:00,uhuru_street,Heavy Jam,4,Uhuru Street (Ilala)
8,"23.6°C, Clear",7.2,0.0,10,2026-08-03 16:43:11.773000+00:00,fire_upanga,Heavy Jam,2,UN Road (Fire to Upanga)
5,"27.7°C, Clear",24.0,0.0,10,2026-08-06 07:57:43.837000+00:00,goba_massana,Moderate,5,Goba Road (Massana to Goba Center)
1,"21.0°C, Clear",30.0,0.0,3,2026-08-09 04:12:12.890000+00:00,old_bagamoyo,Smooth,2,Old Bagamoyo Rd (Victoria)
6,"22.6°C, Clear",9.0,0.0,8,2026-08-04 05:14:45.066000+00:00,fire_upanga,Moderate,2,UN Road (Fire to Upanga)
0,"28.1°C, Cloudy",45.5,0.1,29,2026-08-09 09:09:31.137000+00:00,posta_to_tegeta,Smooth,29,Mega-Route: Posta to Tegeta (Bagamoyo Rd)
0,"23.1°C, Clear",45.7,0.0,23,2026-08-09 05:29:08.003000+00:00,posta_to_kimara,Smooth,23,Mega-Route: Posta to Kimara (Morogoro Rd)
8,"26.0°C, Clear",16.2,0.0,13,2026-08-03 14:00:40.514000+00:00,kilwa_mbagala,Heavy Jam,5,Kilwa Rd (Mbagala)
0,"27.1°C, Clear",45.5,0.0,29,2026-08-07 07:58:56.637000+00:00,posta_to_tegeta,Smooth,29,Mega-Route: Posta to Tegeta (Bagamoyo Rd)
2,"26.2°C, Clear",24.0,0.0,5,2026-08-06 15:12:23.593000+00:00,sinza_mori,Smooth,3,Sinza Road (Mori to Bamaga)
10,"25.2°C, Clear",33.8,0.0,39,2026-08-03 06:25:29.672000+00:00,posta_to_tegeta,Heavy Jam,29,Mega-Route: Posta to Tegeta (Bagamoyo Rd)
3,"29.4°C, Clear",20.0,0.0,6,2026-08-04 10:42:41.467000+00:00,morocco_intersection,Smooth,3,Kawawa Rd (Morocco to Kinondoni)
2,"26.9°C, Clear",24.0,0.0,5,2026-08-08 13:39:22.523000+00:00,morocco_intersection,Smooth,3,Kawawa Rd (Morocco to Kinondoni)
11,"21.4°C, Clear",8.6,0.0,14,2026-08-07 04:25:09.923000+00:00,morocco_intersection,Heavy Jam,3,Kawawa Rd (Morocco to Kinondoni)
6,"23.9°C, Clear",16.7,0.0,9,2026-08-08 17:00:48.838000+00:00,mandela_buguruni,Moderate,3,Mandela Rd (Port Link)
3,"26.7°C, Clear",18.0,0.0,5,2026-08-05 15:12:31.179000+00:00,old_bagamoyo,Smooth,2,Old Bagamoyo Rd (Victoria)
4,"27.0°C, Clear",12.0,0.0,6,2026-08-08 08:06:36.514000+00:00,fire_upanga,Moderate,2,UN Road (Fire to Upanga)
1,"22.8°C, Clear",28.0,0.0,3,2026-08-05 21:36:59.666000+00:00,selander,Smooth,2,Ali Hassan Mwinyi
6,"21.0°C, Clear",16.7,,9,2026-08-03 02:51:20.562000+00:00,mandela_buguruni,Moderate,3,Mandela Rd (Port Link)
1,"26.8°C, Clear",30.0,0.0,3,2026-08-07 07:36:41.394000+00:00,kamata_gerezani,Smooth,2,Kamata / Gerezani (Port Entry)
10,"22.6°C, Clear",11.5,0.0,13,2026-08-04 05:14:43.039000+00:00,mandela_buguruni,Heavy Jam,3,Mandela Rd (Port Link)
0,"25.8°C, Clear",45.5,0.0,29,2026-08-09 15:00:20.193000+00:00,posta_to_tegeta,Smooth,29,Mega-Route: Posta to Tegeta (Bagamoyo Rd)
3,"22.9°C, Clear",30.0,0.0,8,2026-08-05 21:37:01.042000+00:00,goba_massana,Smooth,5,Goba Road (Massana to Goba Center)
5,"26.9°C, Clear",22.8,0.0,10,2026-08-08 10:58:52.162000+00:00,tabata_dampo,Moderate,5,Tabata Road (Mandela to Segerea)
0,"22.8°C, Clear",45.5,0.0,29,2026-08-08 19:51:28.874000+00:00,posta_to_tegeta,Smooth,29,Mega-Route: Posta to Tegeta (Bagamoyo Rd)
1,"26.9°C, Clear",30.0,0.0,3,2026-08-09 14:26:13.403000+00:00,kamata_gerezani,Smooth,2,Kamata / Gerezani (Port Entry)
5,"27.5°C, Cloudy",24.0,0.1,10,2026-08-09 10:03:25.224000+00:00,goba_massana,Moderate,5,Goba Road (Massana to Goba Center)
1,"26.6°C, Cloudy",30.0,0.1,3,2026-08-08 07:28:07.095000+00:00,old_bagamoyo,Smooth,2,Old Bagamoyo Rd (Victoria)
3,"28.5°C, Clear",18.0,0.0,5,2026-08-04 13:01:51.331000+00:00,kamata_gerezani,Smooth,2,Kamata / Gerezani (Port Entry)
1,"22.7°C, Clear",30.0,0.0,4,2026-08-05 22:41:14.527000+00:00,morocco_intersection,Smooth,3,Kawawa Rd (Morocco to Kinondoni)
0,"27.4°C, Clear",42.0,0.0,6,2026-08-09 13:42:43.240000+00:00,sam_nujoma,Smooth,6,Sam Nujoma Rd (Mwenge-Ubungo)
6,"23.0°C, Clear",16.7,0.0,9,2026-08-03 18:50:32.136000+00:00,mandela_buguruni,Moderate,3,Mandela Rd (Port Link)
29,"25.6°C, Clear",7.1,0.0,34,2026-08-04 15:39:35.908000+00:00,goba_massana,Heavy Jam,5,Goba Road (Massana to Goba Center)
5,"26.2°C, Clear",18.8,0.0,8,2026-08-06 15:12:23.079000+00:00,changombe_road,Moderate,3,Chang'ombe Road (Temeke)
5,"23.2°C, Clear",24.0,0.0,10,2026-08-08 18:24:53.311000+00:00,goba_massana,Moderate,5,Goba Road (Massana to Goba Center)
9,"24.6°C, Clear",32.8,0.0,32,2026-08-07 05:59:54.639000+00:00,posta_to_kimara,Heavy Jam,23,Mega-Route: Posta to Kimara (Morogoro Rd)
8,"28.2°C, Clear",18.5,0.0,13,2026-08-07 09:21:19.170000+00:00,goba_massana,Heavy Jam,5,Goba Road (Massana to Goba Center)
2,"23.2°C, Clear",21.0,0.0,4,2026-08-08 05:13:54.918000+00:00,selander,Smooth,2,Ali Hassan Mwinyi
3,"26.6°C, Clear",18.0,0.0,5,2026-08-03 14:00:41.318000+00:00,kigogo_roundabout,Smooth,2,Kawawa Rd (Kigogo Choke)
1,"24.4°C, Clear",30.0,0.0,3,2026-08-08 16:13:10.974000+00:00,kigogo_roundabout,Smooth,2,Kawawa Rd (Kigogo Choke)
2,"26.7°C, Clear",27.0,0.0,4,2026-08-09 14:26:12.088000+00:00,ubungo,Smooth,2,Morogoro Rd (Ubungo)
4,"21.3°C, Clear",12.0,0.0,6,2026-08-03 04:15:34.321000+00:00,fire_upanga,Moderate,2,UN Road (Fire to Upanga)
4,"23.3°C, Clear",24.0,0.0,8,2026-08-08 05:13:54.497000+00:00,uhuru_street,Moderate,4,Uhuru Street (Ilala)
2,"26.9°C, Clear",24.0,0.0,5,2026-08-08 10:58:52.171000+00:00,morocco_intersection,Smooth,3,Kawawa Rd (Morocco to Kinondoni)
4,"29.4°C, Clear",17.0,0.0,6,2026-08-05 10:42:54.711000+00:00,tazara,Moderate,2,Nyerere Rd (Tazara)
1,"22.8°C, Clear",30.0,0.0,3,2026-08-08 19:51:30.658000+00:00,kigogo_roundabout,Smooth,2,Kawawa Rd (Kigogo Choke)
3,"23.1°C, Clear",30.0,0.0,8,2026-08-05 20:12:53.484000+00:00,goba_massana,Smooth,5,Goba Road (Massana to Goba Center)
2,"24.9°C, Clear",30.0,0.0,5,2026-08-09 06:08:49.141000+00:00,changombe_road,Smooth,3,Chang'ombe Road (Temeke)
5,"24.3°C, Clear",24.0,0.0,10,2026-08-08 16:13:11.526000+00:00,goba_massana,Moderate,5,Goba Road (Massana to Goba Center)
2,"27.9°C, Clear",24.0,0.0,5,2026-08-07 08:50:34.445000+00:00,morocco_intersection,Smooth,3,Kawawa Rd (Morocco to Kinondoni)
1,"27.7°C, Clear",30.0,0.0,3,2026-08-09 08:09:45.843000+00:00,kigogo_roundabout,Smooth,2,Kawawa Rd (Kigogo Choke)
7,"25.8°C, Clear",17.5,0.0,12,2026-08-05 15:12:30.821000+00:00,kilwa_mbagala,Moderate,5,Kilwa Rd (Mbagala)
2,"28.0°C, Clear",30.0,0.0,7,2026-08-09 08:09:45.374000+00:00,kilwa_mbagala,Smooth,5,Kilwa Rd (Mbagala)
1,"20.8°C, Clear",35.0,0.0,6,2026-08-07 00:40:18.753000+00:00,kilwa_mbagala,Smooth,5,Kilwa Rd (Mbagala)
0,"26.9°C, Clear",42.0,0.0,5,2026-08-08 13:39:22.820000+00:00,mwai_kibaki,Smooth,5,Mwai Kibaki Rd (Kawe to Mikocheni)
5,"28.7°C, Clear",15.4,0.0,7,2026-08-04 13:01:50.230000+00:00,ubungo,Moderate,2,Morogoro Rd (Ubungo)
2,"25.2°C, Clear",24.0,0.0,5,2026-08-08 15:24:25.137000+00:00,morocco_intersection,Smooth,3,Kawawa Rd (Morocco to Kinondoni)
2,"25.7°C, Clear",21.0,0.0,4,2026-08-09 15:00:19.102000+00:00,selander,Smooth,2,Ali Hassan Mwinyi
1,"22.0°C, Clear",36.0,0.0,3,2026-08-04 20:38:56.048000+00:00,ubungo,Smooth,2,Morogoro Rd (Ubungo)
0,"23.4°C, Clear",40.0,0.0,3,2026-08-07 19:45:48.836000+00:00,sinza_mori,Smooth,3,Sinza Road (Mori to Bamaga)
0,"26.7°C, Clear",45.5,0.0,29,2026-08-03 07:20:36.100000+00:00,posta_to_tegeta,Smooth,29,Mega-Route: Posta to Tegeta (Bagamoyo Rd)
1,"25.2°C, Clear",30.0,0.0,3,2026-08-08 06:03:55.138000+00:00,kigogo_roundabout,Smooth,2,Kawawa Rd (Kigogo Choke)
4,"26.8°C, Clear",17.1,0.0,7,2026-08-07 14:21:50.204000+00:00,sinza_mori,Moderate,3,Sinza Road (Mori to Bamaga)
5,"27.1°C, Clear",24.0,0.0,10,2026-08-06 07:19:02.185000+00:00,goba_massana,Moderate,5,Goba Road (Massana to Goba Center)
4,"26.9°C, Clear",12.0,0.0,6,2026-08-09 14:26:13.818000+00:00,fire_upanga,Moderate,2,UN Road (Fire to Upanga)
9,"24.6°C, Clear",9.8,0.0,11,2026-08-07 05:59:53.885000+00:00,ubungo,Heavy Jam,2,Morogoro Rd (Ubungo)
0,"23.1°C, Clear",40.0,0.0,3,2026-08-05 20:12:53.121000+00:00,sinza_mori,Smooth,3,Sinza Road (Mori to Bamaga)
2,"28.8°C, Clear",30.0,0.0,7,2026-08-08 11:29:24.732000+00:00,kilwa_mbagala,Smooth,5,Kilwa Rd (Mbagala)
0,"21.6°C, Clear",42.0,0.0,6,2026-08-08 04:07:00.794000+00:00,sam_nujoma,Smooth,6,Sam Nujoma Rd (Mwenge-Ubungo)
0,"28.1°C, Cloudy",45.7,0.1,23,2026-08-09 10:03:24.519000+00:00,posta_to_kimara,Smooth,23,Mega-Route: Posta to Kimara (Morogoro Rd)
0,"28.0°C, Clear",45.7,0.0,23,2026-08-09 08:09:45.614000+00:00,posta_to_kimara,Smooth,23,Mega-Route: Posta to Kimara (Morogoro Rd)
5,"25.8°C, Clear",22.8,0.0,10,2026-08-08 14:56:42.480000+00:00,tabata_dampo,Moderate,5,Tabata Road (Mandela to Segerea)
1,"24.7°C, Clear",30.0,0.0,3,2026-08-09 06:08:48.762000+00:00,old_bagamoyo,Smooth,2,Old Bagamoyo Rd (Victoria)
4,"23.7°C, Clear",12.0,0.0,6,2026-08-07 18:42:43.565000+00:00,fire_upanga,Moderate,2,UN Road (Fire to Upanga)
7,"28.4°C, Clear",36.7,0.0,36,2026-08-07 09:21:17.159000+00:00,posta_to_tegeta,Moderate,29,Mega-Route: Posta to Tegeta (Bagamoyo Rd)
3,"25.8°C, Clear",20.4,0.0,5,2026-08-09 15:00:19.587000+00:00,tazara,Smooth,2,Nyerere Rd (Tazara)
26,"26.5°C, Clear",5.2,0.0,29,2026-08-05 15:12:30.229000+00:00,mandela_buguruni,Heavy Jam,3,Mandela Rd (Port Link)
8,"28.5°C, Cloudy",17.5,0.1,13,2026-08-05 09:25:30.488000+00:00,tabata_dampo,Heavy Jam,5,Tabata Road (Mandela to Segerea)
1,"28.0°C, Rainy",30.0,0.1,4,2026-08-05 08:38:48.374000+00:00,sinza_mori,Smooth,3,Sinza Road (Mori to Bamaga)
3,"21.6°C, Clear",20.4,0.0,5,2026-08-08 04:07:00.184000+00:00,tazara,Smooth,2,Nyerere Rd (Tazara)
1,"23.9°C, Clear",30.0,0.0,4,2026-08-07 17:41:57.565000+00:00,sinza_mori,Smooth,3,Sinza Road (Mori to Bamaga)
2,"24.4°C, Clear",30.0,0.0,7,2026-08-08 15:54:42.218000+00:00,kilwa_mbagala,Smooth,5,Kilwa Rd (Mbagala)
2,"28.9°C, Cloudy",22.5,0.1,4,2026-08-07 12:06:20.254000+00:00,mwenge,Smooth,2,Bagamoyo Rd (Mwenge)
1,"28.9°C, Cloudy",30.0,0.1,3,2026-08-07 12:06:19.985000+00:00,old_bagamoyo,Smooth,2,Old Bagamoyo Rd (Victoria)
0,"29.4°C, Clear",45.0,0.0,24,2026-08-04 10:42:41.351000+00:00,posta_to_gongolamboto,Smooth,24,Mega-Route: Posta to Gongo la Mboto (Nyerere Rd)
2,"26.3°C, Clear",22.5,0.0,4,2026-08-06 06:44:17.494000+00:00,old_bagamoyo,Smooth,2,Old Bagamoyo Rd (Victoria)
2,"22.9°C, Clear",27.0,0.0,4,2026-08-08 19:07:24.421000+00:00,ubungo,Smooth,2,Morogoro Rd (Ubungo)
0,"21.6°C, Clear",40.0,0.0,3,2026-08-04 21:55:23.672000+00:00,sinza_mori,Smooth,3,Sinza Road (Mori to Bamaga)
0,"29.1°C, Clear",42.0,0.0,5,2026-08-05 12:51:15.719000+00:00,mwai_kibaki,Smooth,5,Mwai Kibaki Rd (Kawe to Mikocheni)
1,"22.6°C, Clear",30.0,0.0,3,2026-08-03 20:26:54.829000+00:00,kigogo_roundabout,Smooth,2,Kawawa Rd (Kigogo Choke)
3,"29.0°C, Clear",27.4,0.0,7,2026-08-05 12:51:14.273000+00:00,uhuru_street,Smooth,4,Uhuru Street (Ilala)
0,"25.2°C, Clear",42.0,0.0,5,2026-08-08 15:24:25.423000+00:00,mwai_kibaki,Smooth,5,Mwai Kibaki Rd (Kawe to Mikocheni)
8,"27.9°C, Rainy",18.5,0.1,13,2026-08-05 08:38:48.382000+00:00,goba_massana,Heavy Jam,5,Goba Road (Massana to Goba Center)
8,"25.2°C, Clear",10.8,0.0,10,2026-08-03 06:16:10.043000+00:00,ubungo,Heavy Jam,2,Morogoro Rd (Ubungo)
1,"27.3°C, Clear",30.0,0.0,3,2026-08-04 07:57:09.345000+00:00,kigogo_roundabout,Smooth,2,Kawawa Rd (Kigogo Choke)
0,"21.9°C, Clear",45.7,0.0,23,2026-08-04 20:38:56.553000+00:00,posta_to_kimara,Smooth,23,Mega-Route: Posta to Kimara (Morogoro Rd)
8,"28.5°C, Clear",17.5,0.0,13,2026-08-07 09:40:09.071000+00:00,tabata_dampo,Heavy Jam,5,Tabata Road (Mandela to Segerea)
5,"26.9°C, Clear",24.0,0.0,10,2026-08-09 07:30:20.759000+00:00,goba_massana,Moderate,5,Goba Road (Massana to Goba Center)
0,"22.8°C, Clear",42.0,0.0,5,2026-08-08 19:51:30.739000+00:00,mwai_kibaki,Smooth,5,Mwai Kibaki Rd (Kawe to Mikocheni)
2,"25.2°C, Clear",27.0,0.0,4,2026-08-08 06:03:54.590000+00:00,ubungo,Smooth,2,Morogoro Rd (Ubungo)
36,"23.6°C, Clear",18.0,0.0,60,2026-08-03 16:43:11.232000+00:00,posta_to_gongolamboto,Heavy Jam,24,Mega-Route: Posta to Gongo la Mboto (Nyerere Rd)
1,"25.7°C, Clear",30.0,0.0,4,2026-08-09 15:00:21.755000+00:00,sinza_mori,Smooth,3,Sinza Road (Mori to Bamaga)
4,"27.9°C, Clear",12.0,0.0,6,2026-08-08 10:58:52.239000+00:00,fire_upanga,Moderate,2,UN Road (Fire to Upanga)
1,"27.1°C, Cloudy",30.0,0.1,4,2026-08-08 12:30:32.390000+00:00,sinza_mori,Smooth,3,Sinza Road (Mori to Bamaga)
0,"23.7°C, Clear",42.0,0.0,5,2026-08-05 18:21:01.458000+00:00,mwai_kibaki,Smooth,5,Mwai Kibaki Rd (Kawe to Mikocheni)
2,"28.6°C, Clear",24.0,0.0,5,2026-08-09 11:53:57.185000+00:00,morocco_intersection,Smooth,3,Kawawa Rd (Morocco to Kinondoni)
5,"24.6°C, Clear",18.8,0.0,8,2026-08-07 05:59:54.643000+00:00,changombe_road,Moderate,3,Chang'ombe Road (Temeke)
0,"27.1°C, Clear",42.0,0.0,6,2026-08-07 07:58:56.794000+00:00,sam_nujoma,Smooth,6,Sam Nujoma Rd (Mwenge-Ubungo)
3,"28.7°C, Clear",26.2,0.0,8,2026-08-05 13:15:46.531000+00:00,mwai_kibaki,Smooth,5,Mwai Kibaki Rd (Kawe to Mikocheni)
2,"27.7°C, Cloudy",27.0,0.1,4,2026-08-09 10:03:24.241000+00:00,ubungo,Smooth,2,Morogoro Rd (Ubungo)
0,"27.0°C, Clear",45.5,0.0,29,2026-08-08 08:06:35.843000+00:00,posta_to_tegeta,Smooth,29,Mega-Route: Posta to Tegeta (Bagamoyo Rd)
9,"23.1°C, Rainy",12.5,0.7,12,2026-08-08 09:08:49.379000+00:00,mandela_buguruni,Heavy Jam,3,Mandela Rd (Port Link)
0,"26.9°C, Clear",45.7,0.0,23,2026-08-09 14:26:13.551000+00:00,posta_to_kimara,Smooth,23,Mega-Route: Posta to Kimara (Morogoro Rd)
4,"23.4°C, Clear",12.0,0.0,6,2026-08-08 18:24:53.079000+00:00,fire_upanga,Moderate,2,UN Road (Fire to Upanga)
2,"26.5°C, Clear",27.0,0.0,4,2026-08-03 07:20:35.367000+00:00,ubungo,Smooth,2,Morogoro Rd (Ubungo)
0,"28.9°C, Cloudy",42.0,0.1,5,2026-08-07 12:06:21.019000+00:00,mwai_kibaki,Smooth,5,Mwai Kibaki Rd (Kawe to Mikocheni)
6,"28.8°C, Clear",19.2,0.0,10,2026-08-07 09:40:07.423000+00:00,uhuru_street,Moderate,4,Uhuru Street (Ilala)
4,"25.4°C, Clear",12.0,0.0,6,2026-08-09 15:15:27.063000+00:00,fire_upanga,Moderate,2,UN Road (Fire to Upanga)
44,"26.3°C, Clear",15.7,0.0,67,2026-08-07 14:46:46.829000+00:00,posta_to_kimara,Heavy Jam,23,Mega-Route: Posta to Kimara (Morogoro Rd)
6,"26.5°C, Clear",12.8,0.0,8,2026-08-05 15:12:30.384000+00:00,tazara,Moderate,2,Nyerere Rd (Tazara)
2,"25.2°C, Clear",22.5,0.0,4,2026-08-08 15:24:23.861000+00:00,mwenge,Smooth,2,Bagamoyo Rd (Mwenge)
8,"28.1°C, Cloudy",18.5,0.1,13,2026-08-05 09:04:49.884000+00:00,goba_massana,Heavy Jam,5,Goba Road (Massana to Goba Center)
0,"28.5°C, Clear",45.5,0.0,29,2026-08-08 11:55:15.290000+00:00,posta_to_tegeta,Smooth,29,Mega-Route: Posta to Tegeta (Bagamoyo Rd)
8,"24.4°C, Clear",7.2,0.0,10,2026-08-07 16:43:45.714000+00:00,fire_upanga,Heavy Jam,2,UN Road (Fire to Upanga)
11,"23.6°C, Clear",14.8,0.0,17,2026-08-06 05:16:22.667000+00:00,sam_nujoma,Heavy Jam,6,Sam Nujoma Rd (Mwenge-Ubungo)
0,"27.7°C, Cloudy",42.0,0.1,6,2026-08-09 10:03:23.121000+00:00,sam_nujoma,Smooth,6,Sam Nujoma Rd (Mwenge-Ubungo)
1,"24.7°C, Cloudy",30.0,0.1,3,2026-08-08 10:01:40.293000+00:00,kigogo_roundabout,Smooth,2,Kawawa Rd (Kigogo Choke)
27,"26.2°C, Clear",7.1,0.0,32,2026-08-06 15:12:22.991000+00:00,tabata_dampo,Heavy Jam,5,Tabata Road (Mandela to Segerea)
8,"23.0°C, Rainy",17.5,0.6,13,2026-08-08 09:08:50.718000+00:00,tabata_dampo,Heavy Jam,5,Tabata Road (Mandela to Segerea)
1,"23.9°C, Clear",30.0,0.0,3,2026-08-07 17:41:57.357000+00:00,kigogo_roundabout,Smooth,2,Kawawa Rd (Kigogo Choke)
13,"23.7°C, Clear",31.4,0.0,42,2026-08-06 05:16:23.178000+00:00,posta_to_tegeta,Heavy Jam,29,Mega-Route: Posta to Tegeta (Bagamoyo Rd)
0,"29.1°C, Clear",45.5,0.0,29,2026-08-09 11:00:36.760000+00:00,posta_to_tegeta,Smooth,29,Mega-Route: Posta to Tegeta (Bagamoyo Rd)
8,"28.5°C, Cloudy",18.5,0.1,13,2026-08-05 10:42:57.037000+00:00,goba_massana,Heavy Jam,5,Goba Road (Massana to Goba Center)
10,"27.5°C, Cloudy",13.7,0.1,14,2026-08-07 13:46:52.355000+00:00,uhuru_street,Heavy Jam,4,Uhuru Street (Ilala)
2,"29.4°C, Clear",41.5,0.0,26,2026-08-05 10:42:56.172000+00:00,posta_to_gongolamboto,Smooth,24,Mega-Route: Posta to Gongo la Mboto (Nyerere Rd)
15,"24.6°C, Clear",10.5,0.0,20,2026-08-07 05:59:53.273000+00:00,kilwa_mbagala,Heavy Jam,5,Kilwa Rd (Mbagala)
1,"27.9°C, Clear",30.0,0.0,3,2026-08-08 11:55:17.175000+00:00,kigogo_roundabout,Smooth,2,Kawawa Rd (Kigogo Choke)
3,"22.4°C, Clear",16.5,0.0,4,2026-08-05 05:14:31.434000+00:00,kariakoo,Smooth,1,Kariakoo Market Grid
10,"23.7°C, Clear",31.8,0.0,33,2026-08-03 05:40:08.122000+00:00,posta_to_kimara,Heavy Jam,23,Mega-Route: Posta to Kimara (Morogoro Rd)
2,"28.0°C, Clear",30.0,0.0,5,2026-08-09 08:09:45.747000+00:00,changombe_road,Smooth,3,Chang'ombe Road (Temeke)
27,"26.7°C, Clear",7.1,0.0,32,2026-08-05 15:12:31.477000+00:00,tabata_dampo,Heavy Jam,5,Tabata Road (Mandela to Segerea)
2,"28.1°C, Cloudy",30.0,0.1,5,2026-08-09 10:03:24.549000+00:00,changombe_road,Smooth,3,Chang'ombe Road (Temeke)
5,"25.2°C, Clear",22.8,0.0,10,2026-08-08 15:24:25.135000+00:00,tabata_dampo,Moderate,5,Tabata Road (Mandela to Segerea)
3,"23.0°C, Rainy",16.8,0.6,5,2026-08-08 09:08:49.461000+00:00,selander,Smooth,2,Ali Hassan Mwinyi
0,"21.6°C, Clear",42.0,0.0,6,2026-08-04 21:55:22.117000+00:00,sam_nujoma,Smooth,6,Sam Nujoma Rd (Mwenge-Ubungo)
0,"28.1°C, Clear",42.0,0.0,5,2026-08-09 12:33:31.017000+00:00,mwai_kibaki,Smooth,5,Mwai Kibaki Rd (Kawe to Mikocheni)
4,"22.6°C, Clear",25.3,0.0,9,2026-08-03 20:26:54.334000+00:00,tabata_dampo,Moderate,5,Tabata Road (Mandela to Segerea)
2,"23.7°C, Clear",22.5,0.0,4,2026-08-06 05:16:23.839000+00:00,kamata_gerezani,Smooth,2,Kamata / Gerezani (Port Entry)
5,"27.8°C, Clear",22.8,0.0,10,2026-08-08 11:29:25.798000+00:00,tabata_dampo,Moderate,5,Tabata Road (Mandela to Segerea)
0,"25.8°C, Clear",42.0,0.0,6,2026-08-08 14:56:41.749000+00:00,sam_nujoma,Smooth,6,Sam Nujoma Rd (Mwenge-Ubungo)
1,"22.8°C, Clear",30.0,0.0,3,2026-08-05 21:36:59.134000+00:00,mwenge,Smooth,2,Bagamoyo Rd (Mwenge)
1,"21.5°C, Clear",37.5,0.0,4,2026-08-04 21:55:23.035000+00:00,changombe_road,Smooth,3,Chang'ombe Road (Temeke)
2,"23.3°C, Clear",21.0,0.0,4,2026-08-08 18:24:51.686000+00:00,selander,Smooth,2,Ali Hassan Mwinyi
1,"22.8°C, Clear",30.0,0.0,3,2026-08-05 21:37:00.440000+00:00,kigogo_roundabout,Smooth,2,Kawawa Rd (Kigogo Choke)
3,"29.4°C, Clear",21.6,0.0,5,2026-08-06 10:44:44.237000+00:00,ubungo,Smooth,2,Morogoro Rd (Ubungo)
4,"28.9°C, Clear",12.0,0.0,6,2026-08-09 11:53:57.426000+00:00,fire_upanga,Moderate,2,UN Road (Fire to Upanga)
8,"29.4°C, Clear",35.7,0.0,37,2026-08-04 10:42:41.233000+00:00,posta_to_tegeta,Heavy Jam,29,Mega-Route: Posta to Tegeta (Bagamoyo Rd)
0,"25.4°C, Clear",45.5,0.0,29,2026-08-09 15:15:26.186000+00:00,posta_to_tegeta,Smooth,29,Mega-Route: Posta to Tegeta (Bagamoyo Rd)
2,"25.2°C, Clear",22.5,0.0,4,2026-08-03 06:25:29.686000+00:00,kamata_gerezani,Smooth,2,Kamata / Gerezani (Port Entry)
1,"24.7°C, Clear",30.0,0.0,4,2026-08-09 06:08:49.700000+00:00,sinza_mori,Smooth,3,Sinza Road (Mori to Bamaga)
4,"23.1°C, Clear",24.0,0.0,8,2026-08-09 05:29:06.388000+00:00,uhuru_street,Moderate,4,Uhuru Street (Ilala)
3,"28.3°C, Cloudy",16.5,0.1,4,2026-08-05 09:04:48.107000+00:00,kariakoo,Smooth,1,Kariakoo Market Grid
2,"29.4°C, Clear",22.5,0.0,4,2026-08-04 10:42:40.702000+00:00,old_bagamoyo,Smooth,2,Old Bagamoyo Rd (Victoria)
2,"28.9°C, Cloudy",27.0,0.1,4,2026-08-07 12:06:19.392000+00:00,ubungo,Smooth,2,Morogoro Rd (Ubungo)
2,"28.8°C, Clear",22.5,0.0,4,2026-08-07 09:40:09.173000+00:00,kamata_gerezani,Smooth,2,Kamata / Gerezani (Port Entry)
11,"26.3°C, Clear",14.8,0.0,17,2026-08-06 06:44:17.075000+00:00,sam_nujoma,Heavy Jam,6,Sam Nujoma Rd (Mwenge-Ubungo)
1,"22.6°C, Clear",30.0,0.0,3,2026-08-03 20:26:53.754000+00:00,old_bagamoyo,Smooth,2,Old Bagamoyo Rd (Victoria)
0,"22.6°C, Clear",45.0,0.0,2,2026-08-04 19:00:31.309000+00:00,old_bagamoyo,Smooth,2,Old Bagamoyo Rd (Victoria)
5,"26.3°C, Clear",12.0,0.0,7,2026-08-04 15:06:56.129000+00:00,selander,Moderate,2,Ali Hassan Mwinyi
12,"22.5°C, Clear",7.3,0.0,14,2026-08-05 05:14:30.597000+00:00,tazara,Heavy Jam,2,Nyerere Rd (Tazara)
4,"29.3°C, Cloudy",17.0,0.1,6,2026-08-07 11:14:30.241000+00:00,tazara,Moderate,2,Nyerere Rd (Tazara)
2,"27.8°C, Clear",27.0,0.0,4,2026-08-08 11:29:25.013000+00:00,ubungo,Smooth,2,Morogoro Rd (Ubungo)
0,"22.5°C, Clear",45.0,0.0,24,2026-08-05 22:41:14.509000+00:00,posta_to_gongolamboto,Smooth,24,Mega-Route: Posta to Gongo la Mboto (Nyerere Rd)
2,"28.6°C, Clear",21.0,0.0,4,2026-08-09 11:53:56.393000+00:00,selander,Smooth,2,Ali Hassan Mwinyi
3,"22.6°C, Clear",18.0,0.0,5,2026-08-04 05:14:44.528000+00:00,kamata_gerezani,Smooth,2,Kamata / Gerezani (Port Entry)
4,"27.6°C, Clear",12.0,0.0,6,2026-08-06 07:19:01.389000+00:00,fire_upanga,Moderate,2,UN Road (Fire to Upanga)
0,"22.8°C, Clear",42.0,0.0,6,2026-08-05 21:36:59.063000+00:00,sam_nujoma,Smooth,6,Sam Nujoma Rd (Mwenge-Ubungo)
0,"22.9°C, Clear",42.0,0.0,5,2026-08-08 19:07:25.362000+00:00,mwai_kibaki,Smooth,5,Mwai Kibaki Rd (Kawe to Mikocheni)
2,"27.4°C, Clear",24.0,0.0,5,2026-08-09 13:42:43.720000+00:00,morocco_intersection,Smooth,3,Kawawa Rd (Morocco to Kinondoni)
0,"22.7°C, Clear",42.0,0.0,6,2026-08-05 22:41:13.863000+00:00,sam_nujoma,Smooth,6,Sam Nujoma Rd (Mwenge-Ubungo)
0,"23.7°C, Clear",40.0,0.0,3,2026-08-05 18:21:01.572000+00:00,sinza_mori,Smooth,3,Sinza Road (Mori to Bamaga)
5,"26.2°C, Clear",15.0,0.0,8,2026-08-06 15:12:23.116000+00:00,morocco_intersection,Moderate,3,Kawawa Rd (Morocco to Kinondoni)
4,"25.3°C, Clear",12.0,0.0,6,2026-08-08 06:03:55.422000+00:00,fire_upanga,Moderate,2,UN Road (Fire to Upanga)
6,"25.2°C, Clear",12.8,0.0,8,2026-08-04 15:39:34.541000+00:00,tazara,Moderate,2,Nyerere Rd (Tazara)
1,"21.0°C, Clear",30.0,0.0,4,2026-08-09 04:12:14.292000+00:00,sinza_mori,Smooth,3,Sinza Road (Mori to Bamaga)
61,"28.5°C, Clear",14.7,0.0,90,2026-08-05 13:15:45.131000+00:00,posta_to_tegeta,Heavy Jam,29,Mega-Route: Posta to Tegeta (Bagamoyo Rd)
2,"24.4°C, Clear",24.0,0.0,5,2026-08-08 16:13:10.746000+00:00,morocco_intersection,Smooth,3,Kawawa Rd (Morocco to Kinondoni)
1,"23.0°C, Clear",30.0,0.0,3,2026-08-03 18:50:33.178000+00:00,kamata_gerezani,Smooth,2,Kamata / Gerezani (Port Entry)
1,"23.3°C, Clear",30.0,0.0,3,2026-08-08 18:24:51.687000+00:00,old_bagamoyo,Smooth,2,Old Bagamoyo Rd (Victoria)
3,"23.6°C, Clear",18.0,0.0,5,2026-08-03 16:43:11.226000+00:00,kamata_gerezani,Smooth,2,Kamata / Gerezani (Port Entry)
3,"25.1°C, Clear",18.0,0.0,5,2026-08-07 15:46:50.908000+00:00,kamata_gerezani,Smooth,2,Kamata / Gerezani (Port Entry)
3,"23.7°C, Clear",18.0,0.0,5,2026-08-03 16:43:11.662000+00:00,kigogo_roundabout,Smooth,2,Kawawa Rd (Kigogo Choke)
5,"23.4°C, Clear",18.8,0.0,8,2026-08-07 19:45:48.160000+00:00,mandela_buguruni,Moderate,3,Mandela Rd (Port Link)
5,"24.7°C, Cloudy",22.8,0.1,10,2026-08-08 10:01:40.056000+00:00,tabata_dampo,Moderate,5,Tabata Road (Mandela to Segerea)
1,"22.8°C, Clear",30.0,0.0,4,2026-08-08 19:51:30.717000+00:00,sinza_mori,Smooth,3,Sinza Road (Mori to Bamaga)
1,"22.1°C, Clear",30.0,0.0,3,2026-08-03 21:46:38.604000+00:00,old_bagamoyo,Smooth,2,Old Bagamoyo Rd (Victoria)
6,"23.2°C, Clear",21.8,0.0,11,2026-08-03 18:50:33.969000+00:00,goba_massana,Moderate,5,Goba Road (Massana to Goba Center)
6,"28.0°C, Clear",16.7,0.0,9,2026-08-09 08:09:44.655000+00:00,mandela_buguruni,Moderate,3,Mandela Rd (Port Link)
2,"23.7°C, Clear",21.0,0.0,4,2026-08-07 18:42:42.167000+00:00,selander,Smooth,2,Ali Hassan Mwinyi
1,"26.9°C, Clear",30.0,0.0,3,2026-08-07 07:36:39.907000+00:00,old_bagamoyo,Smooth,2,Old Bagamoyo Rd (Victoria)
0,"27.8°C, Cloudy",45.7,0.1,23,2026-08-07 08:38:19.923000+00:00,posta_to_kimara,Smooth,23,Mega-Route: Posta to Kimara (Morogoro Rd)
2,"22.9°C, Clear",21.0,0.0,4,2026-08-08 19:07:24.101000+00:00,selander,Smooth,2,Ali Hassan Mwinyi
4,"28.0°C, Cloudy",12.0,0.1,6,2026-08-07 08:50:34.678000+00:00,fire_upanga,Moderate,2,UN Road (Fire to Upanga)
1,"24.7°C, Cloudy",30.0,0.1,4,2026-08-08 10:01:40.685000+00:00,sinza_mori,Smooth,3,Sinza Road (Mori to Bamaga)
1,"22.8°C, Clear",30.0,0.0,4,2026-08-05 21:37:00.440000+00:00,morocco_intersection,Smooth,3,Kawawa Rd (Morocco to Kinondoni)
4,"28.9°C, Clear",24.0,0.0,8,2026-08-09 11:53:55.884000+00:00,uhuru_street,Moderate,4,Uhuru Street (Ilala)
4,"24.5°C, Clear",24.0,0.0,8,2026-08-08 16:13:10.043000+00:00,uhuru_street,Moderate,4,Uhuru Street (Ilala)
10,"24.6°C, Clear",15.2,0.0,15,2026-08-07 05:59:54.675000+00:00,tabata_dampo,Heavy Jam,5,Tabata Road (Mandela to Segerea)
5,"28.5°C, Clear",15.0,0.0,8,2026-08-07 13:11:27.379000+00:00,morocco_intersection,Moderate,3,Kawawa Rd (Morocco to Kinondoni)
0,"22.0°C, Clear",45.0,0.0,2,2026-08-04 20:38:55.020000+00:00,old_bagamoyo,Smooth,2,Old Bagamoyo Rd (Victoria)
61,"27.5°C, Cloudy",14.7,0.1,90,2026-08-07 13:46:52.793000+00:00,posta_to_tegeta,Heavy Jam,29,Mega-Route: Posta to Tegeta (Bagamoyo Rd)
5,"26.3°C, Clear",15.4,0.0,7,2026-08-04 15:06:56.941000+00:00,ubungo,Moderate,2,Morogoro Rd (Ubungo)
0,"23.2°C, Clear",42.0,0.0,6,2026-08-08 05:13:54.161000+00:00,sam_nujoma,Smooth,6,Sam Nujoma Rd (Mwenge-Ubungo)
3,"24.9°C, Clear",20.4,0.0,5,2026-08-09 06:08:47.742000+00:00,tazara,Smooth,2,Nyerere Rd (Tazara)
1,"23.8°C, Clear",30.0,0.0,3,2026-08-08 17:00:50.150000+00:00,kigogo_roundabout,Smooth,2,Kawawa Rd (Kigogo Choke)
5,"26.7°C, Clear",22.8,0.0,10,2026-08-09 14:26:13.530000+00:00,tabata_dampo,Moderate,5,Tabata Road (Mandela to Segerea)
4,"28.5°C, Clear",24.0,0.0,8,2026-08-08 11:29:24.590000+00:00,uhuru_street,Moderate,4,Uhuru Street (Ilala)
0,"27.1°C, Clear",40.0,0.0,3,2026-08-03 07:51:25.752000+00:00,sinza_mori,Smooth,3,Sinza Road (Mori to Bamaga)
5,"26.3°C, Clear",15.0,0.0,8,2026-08-04 15:06:57.720000+00:00,morocco_intersection,Moderate,3,Kawawa Rd (Morocco to Kinondoni)
5,"23.8°C, Clear",24.0,0.0,10,2026-08-04 17:20:21.643000+00:00,goba_massana,Moderate,5,Goba Road (Massana to Goba Center)
10,"24.4°C, Clear",13.7,0.0,14,2026-08-07 16:43:45.027000+00:00,uhuru_street,Heavy Jam,4,Uhuru Street (Ilala)
1,"23.3°C, Clear",30.0,0.0,4,2026-08-08 18:24:53.098000+00:00,sinza_mori,Smooth,3,Sinza Road (Mori to Bamaga)
2,"28.7°C, Clear",21.0,0.0,4,2026-08-09 11:00:37.369000+00:00,selander,Smooth,2,Ali Hassan Mwinyi
3,"28.3°C, Clear",18.0,0.0,5,2026-08-07 09:21:17.263000+00:00,mwenge,Smooth,2,Bagamoyo Rd (Mwenge)
6,"24.4°C, Clear",12.8,0.0,8,2026-08-07 16:43:44.340000+00:00,tazara,Moderate,2,Nyerere Rd (Tazara)
1,"27.5°C, Clear",30.0,0.0,3,2026-08-05 07:58:13.395000+00:00,kigogo_roundabout,Smooth,2,Kawawa Rd (Kigogo Choke)
0,"27.7°C, Clear",42.0,0.0,6,2026-08-09 08:09:45.362000+00:00,sam_nujoma,Smooth,6,Sam Nujoma Rd (Mwenge-Ubungo)
2,"26.6°C, Clear",30.0,0.0,7,2026-08-07 07:36:41.016000+00:00,kilwa_mbagala,Smooth,5,Kilwa Rd (Mbagala)
0,"27.6°C, Cloudy",45.7,0.1,23,2026-08-08 12:30:31.753000+00:00,posta_to_kimara,Smooth,23,Mega-Route: Posta to Kimara (Morogoro Rd)
0,"23.4°C, Clear",42.0,0.0,6,2026-08-07 19:45:47.447000+00:00,sam_nujoma,Smooth,6,Sam Nujoma Rd (Mwenge-Ubungo)
2,"27.7°C, Clear",27.0,0.0,4,2026-08-07 08:38:18.162000+00:00,ubungo,Smooth,2,Morogoro Rd (Ubungo)
11,"21.4°C, Clear",14.8,0.0,17,2026-08-07 04:25:08.381000+00:00,sam_nujoma,Heavy Jam,6,Sam Nujoma Rd (Mwenge-Ubungo)
0,"22.7°C, Clear",42.0,0.0,5,2026-08-05 22:41:14.918000+00:00,mwai_kibaki,Smooth,5,Mwai Kibaki Rd (Kawe to Mikocheni)
5,"29.1°C, Clear",22.8,0.0,10,2026-08-05 12:51:15.300000+00:00,tabata_dampo,Moderate,5,Tabata Road (Mandela to Segerea)
1,"26.5°C, Clear",30.0,0.0,3,2026-08-08 14:24:25.161000+00:00,kamata_gerezani,Smooth,2,Kamata / Gerezani (Port Entry)
40,"26.2°C, Clear",16.9,0.0,64,2026-08-06 15:12:22.944000+00:00,posta_to_gongolamboto,Heavy Jam,24,Mega-Route: Posta to Gongo la Mboto (Nyerere Rd)
2,"22.8°C, Clear",30.0,0.0,5,2026-08-08 19:51:30.364000+00:00,changombe_road,Smooth,3,Chang'ombe Road (Temeke)
2,"23.7°C, Clear",30.0,0.0,5,2026-08-07 18:42:43.128000+00:00,changombe_road,Smooth,3,Chang'ombe Road (Temeke)
2,"23.4°C, Clear",30.0,0.0,7,2026-08-07 17:41:56.159000+00:00,kilwa_mbagala,Smooth,5,Kilwa Rd (Mbagala)
1,"25.3°C, Clear",30.0,0.0,3,2026-08-08 06:03:55.051000+00:00,kamata_gerezani,Smooth,2,Kamata / Gerezani (Port Entry)
0,"23.6°C, Clear",45.0,0.0,24,2026-08-05 18:21:01.186000+00:00,posta_to_gongolamboto,Smooth,24,Mega-Route: Posta to Gongo la Mboto (Nyerere Rd)
3,"23.1°C, Rainy",40.0,0.7,27,2026-08-08 09:08:50.685000+00:00,posta_to_gongolamboto,Smooth,24,Mega-Route: Posta to Gongo la Mboto (Nyerere Rd)
4,"28.5°C, Clear",17.1,0.0,7,2026-08-07 13:11:27.756000+00:00,sinza_mori,Moderate,3,Sinza Road (Mori to Bamaga)
0,"22.6°C, Clear",40.0,0.0,3,2026-08-04 19:00:32.998000+00:00,sinza_mori,Smooth,3,Sinza Road (Mori to Bamaga)
2,"23.7°C, Clear",21.0,0.0,4,2026-08-04 17:20:20.471000+00:00,selander,Smooth,2,Ali Hassan Mwinyi
2,"23.5°C, Clear",21.0,0.0,4,2026-08-08 17:55:12.964000+00:00,selander,Smooth,2,Ali Hassan Mwinyi
2,"24.2°C, Clear",21.0,0.0,4,2026-08-08 16:22:37.369000+00:00,selander,Smooth,2,Ali Hassan Mwinyi
1,"21.3°C, Clear",35.0,0.0,6,2026-08-05 22:41:13.415000+00:00,kilwa_mbagala,Smooth,5,Kilwa Rd (Mbagala)
0,"29.1°C, Clear",45.7,0.0,23,2026-08-09 11:00:38.185000+00:00,posta_to_kimara,Smooth,23,Mega-Route: Posta to Kimara (Morogoro Rd)
1,"29.0°C, Clear",30.0,0.0,3,2026-08-07 12:06:20.715000+00:00,kamata_gerezani,Smooth,2,Kamata / Gerezani (Port Entry)
6,"23.7°C, Clear",16.7,0.0,9,2026-08-07 18:42:42.711000+00:00,mandela_buguruni,Moderate,3,Mandela Rd (Port Link)
2,"28.4°C, Clear",30.0,0.0,5,2026-08-09 12:33:30.907000+00:00,changombe_road,Smooth,3,Chang'ombe Road (Temeke)
27,"25.5°C, Clear",7.1,0.0,32,2026-08-04 15:39:35.116000+00:00,tabata_dampo,Heavy Jam,5,Tabata Road (Mandela to Segerea)
6,"27.8°C, Cloudy",16.7,0.1,9,2026-08-07 08:38:19.622000+00:00,mandela_buguruni,Moderate,3,Mandela Rd (Port Link)
0,"26.7°C, Clear",45.7,0.0,23,2026-08-03 07:20:36.063000+00:00,posta_to_kimara,Smooth,23,Mega-Route: Posta to Kimara (Morogoro Rd)
1,"22.0°C, Clear",30.0,0.0,3,2026-08-04 20:38:54.817000+00:00,mwenge,Smooth,2,Bagamoyo Rd (Mwenge)
6,"29.0°C, Clear",16.7,0.0,9,2026-08-07 12:06:19.459000+00:00,mandela_buguruni,Moderate,3,Mandela Rd (Port Link)
44,"28.4°C, Clear",15.7,0.0,67,2026-08-07 13:11:27.126000+00:00,posta_to_kimara,Heavy Jam,23,Mega-Route: Posta to Kimara (Morogoro Rd)
0,"27.8°C, Cloudy",45.0,0.1,24,2026-08-07 08:38:19.947000+00:00,posta_to_gongolamboto,Smooth,24,Mega-Route: Posta to Gongo la Mboto (Nyerere Rd)
8,"26.3°C, Clear",7.2,0.0,10,2026-08-07 14:46:47.424000+00:00,fire_upanga,Heavy Jam,2,UN Road (Fire to Upanga)
2,"24.4°C, Clear",27.0,0.0,4,2026-08-08 16:13:09.978000+00:00,ubungo,Smooth,2,Morogoro Rd (Ubungo)
1,"23.8°C, Clear",30.0,0.0,4,2026-08-08 17:00:50.352000+00:00,sinza_mori,Smooth,3,Sinza Road (Mori to Bamaga)
0,"22.0°C, Clear",45.7,0.0,23,2026-08-03 21:46:39.229000+00:00,posta_to_kimara,Smooth,23,Mega-Route: Posta to Kimara (Morogoro Rd)
4,"28.8°C, Clear",17.0,0.0,6,2026-08-07 09:40:07.351000+00:00,tazara,Moderate,2,Nyerere Rd (Tazara)
15,"26.5°C, Clear",10.5,0.0,20,2026-08-06 06:44:16.988000+00:00,kilwa_mbagala,Heavy Jam,5,Kilwa Rd (Mbagala)
2,"22.5°C, Clear",32.0,0.0,6,2026-08-04 19:00:30.697000+00:00,uhuru_street,Smooth,4,Uhuru Street (Ilala-Town)
0,"27.7°C, Clear",45.7,0.0,23,2026-08-09 13:42:43.487000+00:00,posta_to_kimara,Smooth,23,Mega-Route: Posta to Kimara (Morogoro Rd)
3,"24.5°C, Clear",20.4,0.0,5,2026-08-08 16:13:09.698000+00:00,tazara,Smooth,2,Nyerere Rd (Tazara)
47,"24.4°C, Clear",15.0,0.0,70,2026-08-05 16:55:14.530000+00:00,posta_to_kimara,Heavy Jam,23,Mega-Route: Posta to Kimara (Morogoro Rd)
8,"28.3°C, Cloudy",17.5,0.1,13,2026-08-05 09:04:49.364000+00:00,tabata_dampo,Heavy Jam,5,Tabata Road (Mandela to Segerea)
10,"23.7°C, Clear",16.0,0.0,15,2026-08-03 05:40:09.723000+00:00,goba_massana,Heavy Jam,5,Goba Road (Massana to Goba Center)
5,"26.7°C, Clear",18.8,0.0,8,2026-08-06 06:44:18.142000+00:00,changombe_road,Moderate,3,Chang'ombe Road (Temeke)
2,"27.0°C, Cloudy",21.0,0.1,4,2026-08-08 08:06:35.843000+00:00,selander,Smooth,2,Ali Hassan Mwinyi
2,"27.2°C, Clear",30.0,0.0,7,2026-08-08 13:39:20.904000+00:00,kilwa_mbagala,Smooth,5,Kilwa Rd (Mbagala)
7,"28.6°C, Cloudy",36.7,0.1,36,2026-08-05 09:04:49.208000+00:00,posta_to_tegeta,Moderate,29,Mega-Route: Posta to Tegeta (Bagamoyo Rd)
0,"28.1°C, Cloudy",45.5,0.1,29,2026-08-09 10:03:23.355000+00:00,posta_to_tegeta,Smooth,29,Mega-Route: Posta to Tegeta (Bagamoyo Rd)
2,"23.3°C, Clear",27.0,0.0,4,2026-08-08 18:24:51.527000+00:00,ubungo,Smooth,2,Morogoro Rd (Ubungo)
2,"29.1°C, Clear",22.5,0.0,4,2026-08-05 12:51:14.783000+00:00,mwenge,Smooth,2,Bagamoyo Rd (Mwenge)
6,"28.5°C, Clear",12.8,0.0,8,2026-08-05 13:15:45.559000+00:00,tazara,Moderate,2,Nyerere Rd (Tazara)
2,"24.7°C, Clear",27.0,0.0,4,2026-08-08 15:54:42.222000+00:00,ubungo,Smooth,2,Morogoro Rd (Ubungo)
5,"24.6°C, Clear",15.4,0.0,7,2026-08-05 16:55:12.818000+00:00,ubungo,Moderate,2,Morogoro Rd (Ubungo)
3,"25.1°C, Clear",18.0,0.0,5,2026-08-07 15:46:51.191000+00:00,kigogo_roundabout,Smooth,2,Kawawa Rd (Kigogo Choke)
2,"21.2°C, Clear",30.0,0.0,7,2026-08-08 04:06:59.736000+00:00,kilwa_mbagala,Smooth,5,Kilwa Rd (Mbagala)
1,"23.3°C, Clear",30.0,0.0,3,2026-08-08 05:13:55.281000+00:00,kamata_gerezani,Smooth,2,Kamata / Gerezani (Port Entry)
1,"23.7°C, Clear",30.0,0.0,3,2026-08-07 18:42:43.291000+00:00,kigogo_roundabout,Smooth,2,Kawawa Rd (Kigogo Choke)
2,"29.4°C, Clear",31.5,0.0,8,2026-08-06 10:44:44.677000+00:00,sam_nujoma,Smooth,6,Sam Nujoma Rd (Mwenge-Ubungo)
6,"23.4°C, Clear",16.7,0.0,9,2026-08-08 18:24:52.414000+00:00,mandela_buguruni,Moderate,3,Mandela Rd (Port Link)
0,"22.5°C, Clear",45.5,0.0,29,2026-08-04 19:00:32.323000+00:00,posta_to_tegeta,Smooth,29,Mega-Route: Posta to Tegeta (Bagamoyo Rd)
5,"25.2°C, Clear",37.2,0.0,29,2026-08-03 06:16:11.521000+00:00,posta_to_gongolamboto,Moderate,24,Mega-Route: Posta to Gongo la Mboto (Nyerere Rd)
5,"26.2°C, Clear",12.9,0.0,7,2026-08-06 15:12:21.476000+00:00,mwenge,Moderate,2,Bagamoyo Rd (Mwenge)
1,"22.6°C, Clear",30.0,0.0,3,2026-08-04 19:00:31.774000+00:00,mwenge,Smooth,2,Bagamoyo Rd (Mwenge)
0,"28.5°C, Clear",45.7,0.0,23,2026-08-08 11:29:25.692000+00:00,posta_to_kimara,Smooth,23,Mega-Route: Posta to Kimara (Morogoro Rd)
8,"26.5°C, Clear",7.2,0.0,10,2026-08-05 15:12:31.867000+00:00,fire_upanga,Heavy Jam,2,UN Road (Fire to Upanga)
1,"27.6°C, Cloudy",30.0,0.1,3,2026-08-08 12:30:31.962000+00:00,kamata_gerezani,Smooth,2,Kamata / Gerezani (Port Entry)
6,"23.3°C, Clear",16.7,0.0,9,2026-08-08 05:13:53.920000+00:00,mandela_buguruni,Moderate,3,Mandela Rd (Port Link)
0,"27.3°C, Clear",45.5,0.0,29,2026-08-03 07:51:24.836000+00:00,posta_to_tegeta,Smooth,29,Mega-Route: Posta to Tegeta (Bagamoyo Rd)
5,"23.8°C, Clear",24.0,0.0,10,2026-08-05 18:21:01.730000+00:00,goba_massana,Moderate,5,Goba Road (Massana to Goba Center)
0,"26.5°C, Clear",40.0,0.0,3,2026-08-03 07:20:36.973000+00:00,sinza_mori,Smooth,3,Sinza Road (Mori to Bamaga)
3,"24.6°C, Clear",26.2,0.0,8,2026-08-07 05:59:55.223000+00:00,mwai_kibaki,Smooth,5,Mwai Kibaki Rd (Kawe to Mikocheni)
0,"26.9°C, Clear",45.5,0.0,29,2026-08-09 14:26:12.898000+00:00,posta_to_tegeta,Smooth,29,Mega-Route: Posta to Tegeta (Bagamoyo Rd)
0,"27.5°C, Clear",45.0,0.0,24,2026-08-09 07:30:20.089000+00:00,posta_to_gongolamboto,Smooth,24,Mega-Route: Posta to Gongo la Mboto (Nyerere Rd)
9,"22.4°C, Clear",9.8,0.0,11,2026-08-05 05:14:30.621000+00:00,ubungo,Heavy Jam,2,Morogoro Rd (Ubungo)
2,"22.6°C, Clear",22.0,0.0,3,2026-08-03 20:26:53.766000+00:00,kariakoo,Smooth,1,Kariakoo Market Grid
4,"26.7°C, Clear",12.0,0.0,6,2026-08-03 07:20:36.538000+00:00,fire_upanga,Moderate,2,UN Road (Fire to Upanga)
3,"26.6°C, Clear",26.2,0.0,8,2026-08-03 14:00:41.318000+00:00,mwai_kibaki,Smooth,5,Mwai Kibaki Rd (Kawe to Mikocheni)
0,"23.9°C, Clear",45.5,0.0,29,2026-08-08 17:00:49.302000+00:00,posta_to_tegeta,Smooth,29,Mega-Route: Posta to Tegeta (Bagamoyo Rd)
4,"28.5°C, Clear",12.0,0.0,6,2026-08-08 11:55:17.239000+00:00,fire_upanga,Moderate,2,UN Road (Fire to Upanga)
3,"28.3°C, Cloudy",20.0,0.1,6,2026-08-05 09:04:49.446000+00:00,morocco_intersection,Smooth,3,Kawawa Rd (Morocco to Kinondoni)
5,"26.6°C, Clear",15.4,0.0,7,2026-08-03 14:00:39.652000+00:00,ubungo,Moderate,2,Morogoro Rd (Ubungo)
0,"22.6°C, Clear",42.0,0.0,6,2026-08-04 19:00:30.875000+00:00,sam_nujoma,Smooth,6,Sam Nujoma Rd (Mwenge-Ubungo)
2,"26.9°C, Clear",24.0,0.0,5,2026-08-07 07:36:41.424000+00:00,morocco_intersection,Smooth,3,Kawawa Rd (Morocco to Kinondoni)
10,"23.7°C, Clear",31.8,0.0,33,2026-08-06 05:16:23.749000+00:00,posta_to_kimara,Heavy Jam,23,Mega-Route: Posta to Kimara (Morogoro Rd)
2,"28.5°C, Cloudy",22.5,0.1,4,2026-08-05 09:25:30.967000+00:00,kigogo_roundabout,Smooth,2,Kawawa Rd (Kigogo Choke)
1,"22.0°C, Clear",37.5,0.0,4,2026-08-03 21:46:39.244000+00:00,changombe_road,Smooth,3,Chang'ombe Road (Temeke)
3,"24.6°C, Clear",20.0,0.0,6,2026-08-07 05:59:55.272000+00:00,sinza_mori,Smooth,3,Sinza Road (Mori to Bamaga)
0,"28.1°C, Cloudy",45.0,0.1,24,2026-08-09 09:09:31.423000+00:00,posta_to_gongolamboto,Smooth,24,Mega-Route: Posta to Gongo la Mboto (Nyerere Rd)
1,"22.8°C, Clear",30.0,0.0,3,2026-08-08 19:51:27.881000+00:00,old_bagamoyo,Smooth,2,Old Bagamoyo Rd (Victoria)
4,"22.0°C, Clear",25.3,0.0,9,2026-08-04 20:38:56.388000+00:00,tabata_dampo,Moderate,5,Tabata Road (Mandela to Segerea)
1,"28.5°C, Cloudy",30.0,0.1,4,2026-08-05 09:25:31.326000+00:00,sinza_mori,Smooth,3,Sinza Road (Mori to Bamaga)
2,"29.2°C, Cloudy",41.5,0.1,26,2026-08-06 10:44:45.138000+00:00,posta_to_gongolamboto,Smooth,24,Mega-Route: Posta to Gongo la Mboto (Nyerere Rd)
5,"26.9°C, Clear",22.8,0.0,10,2026-08-08 13:39:22.289000+00:00,tabata_dampo,Moderate,5,Tabata Road (Mandela to Segerea)
4,"27.5°C, Clear",12.0,0.0,6,2026-08-09 07:30:20.167000+00:00,fire_upanga,Moderate,2,UN Road (Fire to Upanga)
5,"28.5°C, Clear",14.6,0.0,7,2026-08-03 11:21:38.394000+00:00,tazara,Moderate,2,Nyerere Rd (Tazara)
6,"26.2°C, Clear",12.8,0.0,8,2026-08-06 15:12:21.179000+00:00,tazara,Moderate,2,Nyerere Rd (Tazara)
2,"27.1°C, Cloudy",22.5,0.1,4,2026-08-08 12:30:30.467000+00:00,mwenge,Smooth,2,Bagamoyo Rd (Mwenge)
3,"23.0°C, Clear",20.4,0.0,5,2026-08-03 18:50:32.215000+00:00,tazara,Smooth,2,Nyerere Rd (Tazara)
2,"29.0°C, Clear",30.0,0.0,5,2026-08-05 12:51:15.440000+00:00,changombe_road,Smooth,3,Chang'ombe Road (Temeke)
7,"28.7°C, Clear",36.7,0.0,36,2026-08-05 09:25:30.415000+00:00,posta_to_tegeta,Moderate,29,Mega-Route: Posta to Tegeta (Bagamoyo Rd)
4,"27.7°C, Clear",12.0,0.0,6,2026-08-09 13:42:43.907000+00:00,fire_upanga,Moderate,2,UN Road (Fire to Upanga)
0,"28.9°C, Cloudy",42.0,0.1,6,2026-08-07 12:06:20.246000+00:00,sam_nujoma,Smooth,6,Sam Nujoma Rd (Mwenge-Ubungo)
0,"23.7°C, Clear",42.0,0.0,5,2026-08-07 18:42:43.603000+00:00,mwai_kibaki,Smooth,5,Mwai Kibaki Rd (Kawe to Mikocheni)
2,"26.3°C, Clear",30.0,0.0,7,2026-08-08 14:24:23.739000+00:00,kilwa_mbagala,Smooth,5,Kilwa Rd (Mbagala)
4,"28.8°C, Clear",38.9,0.0,27,2026-08-07 09:40:09.080000+00:00,posta_to_kimara,Moderate,23,Mega-Route: Posta to Kimara (Morogoro Rd)
5,"25.5°C, Clear",24.0,0.0,10,2026-08-09 15:00:21.816000+00:00,goba_massana,Moderate,5,Goba Road (Massana to Goba Center)
2,"28.3°C, Clear",24.0,0.0,5,2026-08-07 09:21:18.900000+00:00,sinza_mori,Smooth,3,Sinza Road (Mori to Bamaga)
2,"26.9°C, Clear",22.5,0.0,4,2026-08-07 07:36:40.300000+00:00,mwenge,Smooth,2,Bagamoyo Rd (Mwenge)
0,"22.8°C, Clear",42.0,0.0,5,2026-08-05 21:37:00.707000+00:00,mwai_kibaki,Smooth,5,Mwai Kibaki Rd (Kawe to Mikocheni)
1,"22.6°C, Clear",30.0,0.0,3,2026-08-03 20:26:54.051000+00:00,mwenge,Smooth,2,Bagamoyo Rd (Mwenge)
0,"25.7°C, Clear",42.0,0.0,5,2026-08-09 15:00:21.534000+00:00,mwai_kibaki,Smooth,5,Mwai Kibaki Rd (Kawe to Mikocheni)
5,"24.5°C, Clear",15.0,0.0,8,2026-08-07 16:43:45.367000+00:00,morocco_intersection,Moderate,3,Kawawa Rd (Morocco to Kinondoni)
6,"28.5°C, Clear",19.2,0.0,10,2026-08-03 11:21:37.443000+00:00,uhuru_street,Moderate,4,Uhuru Street (Ilala-Town)
4,"27.1°C, Clear",12.0,0.0,6,2026-08-07 07:58:57.643000+00:00,fire_upanga,Moderate,2,UN Road (Fire to Upanga)
8,"25.2°C, Clear",8.4,0.0,10,2026-08-03 06:25:29.445000+00:00,selander,Heavy Jam,2,Ali Hassan Mwinyi
5,"28.1°C, Clear",22.8,0.0,10,2026-08-09 12:33:30.942000+00:00,tabata_dampo,Moderate,5,Tabata Road (Mandela to Segerea)
5,"24.5°C, Clear",12.0,0.0,7,2026-08-07 16:43:43.931000+00:00,selander,Moderate,2,Ali Hassan Mwinyi
2,"29.1°C, Clear",21.0,0.0,4,2026-08-05 12:51:15.058000+00:00,selander,Smooth,2,Ali Hassan Mwinyi
3,"26.9°C, Clear",20.4,0.0,5,2026-08-09 14:26:12.304000+00:00,tazara,Smooth,2,Nyerere Rd (Tazara)
1,"24.8°C, Clear",30.0,0.0,3,2026-08-08 15:54:43.644000+00:00,kamata_gerezani,Smooth,2,Kamata / Gerezani (Port Entry)
7,"24.8°C, Clear",17.5,0.0,12,2026-08-07 15:46:49.521000+00:00,kilwa_mbagala,Moderate,5,Kilwa Rd (Mbagala)
2,"26.3°C, Clear",24.0,0.0,5,2026-08-04 15:06:58.149000+00:00,sinza_mori,Smooth,3,Sinza Road (Mori to Bamaga)
3,"21.4°C, Clear",20.0,0.0,6,2026-08-07 04:25:10.240000+00:00,sinza_mori,Smooth,3,Sinza Road (Mori to Bamaga)
1,"23.6°C, Clear",30.0,0.0,4,2026-08-06 05:16:24.122000+00:00,sinza_mori,Smooth,3,Sinza Road (Mori to Bamaga)
1,"23.0°C, Clear",30.0,0.0,3,2026-08-05 20:12:52.745000+00:00,kamata_gerezani,Smooth,2,Kamata / Gerezani (Port Entry)
1,"27.9°C, Clear",30.0,0.0,4,2026-08-08 11:55:17.331000+00:00,sinza_mori,Smooth,3,Sinza Road (Mori to Bamaga)
5,"23.5°C, Clear",22.8,0.0,10,2026-08-08 17:55:13.641000+00:00,tabata_dampo,Moderate,5,Tabata Road (Mandela to Segerea)
4,"26.9°C, Clear",12.0,0.0,6,2026-08-08 07:28:08.328000+00:00,fire_upanga,Moderate,2,UN Road (Fire to Upanga)
7,"25.4°C, Clear",17.5,0.0,12,2026-08-04 15:06:56.503000+00:00,kilwa_mbagala,Moderate,5,Kilwa Rd (Mbagala)
1,"23.4°C, Clear",44.0,0.0,30,2026-08-04 17:20:20.722000+00:00,posta_to_tegeta,Smooth,29,Mega-Route: Posta to Tegeta (Bagamoyo Rd)
4,"21.0°C, Clear",12.0,,6,2026-08-03 02:51:24.510000+00:00,fire_upanga,Moderate,2,UN Road (Fire to Upanga)
1,"27.9°C, Clear",30.0,0.0,3,2026-08-09 09:09:30.240000+00:00,old_bagamoyo,Smooth,2,Old Bagamoyo Rd (Victoria)
2,"27.7°C, Clear",24.0,0.0,5,2026-08-09 08:09:45.758000+00:00,morocco_intersection,Smooth,3,Kawawa Rd (Morocco to Kinondoni)
61,"26.5°C, Clear",14.7,0.0,90,2026-08-05 15:12:30.001000+00:00,posta_to_tegeta,Heavy Jam,29,Mega-Route: Posta to Tegeta (Bagamoyo Rd)
2,"21.3°C, Clear",22.5,0.0,4,2026-08-03 04:15:25.684000+00:00,mwenge,Smooth,2,Bagamoyo Rd (Mwenge)
1,"21.5°C, Clear",30.0,0.0,3,2026-08-04 21:55:22.782000+00:00,kamata_gerezani,Smooth,2,Kamata / Gerezani (Port Entry)
0,"25.4°C, Clear",45.0,0.0,24,2026-08-09 15:15:26.518000+00:00,posta_to_gongolamboto,Smooth,24,Mega-Route: Posta to Gongo la Mboto (Nyerere Rd)
1,"21.9°C, Clear",37.5,0.0,4,2026-08-04 20:38:56.563000+00:00,changombe_road,Smooth,3,Chang'ombe Road (Temeke)
3,"28.5°C, Cloudy",18.0,0.1,5,2026-08-05 09:25:29.025000+00:00,mwenge,Smooth,2,Bagamoyo Rd (Mwenge)
5,"28.6°C, Cloudy",21.3,0.1,9,2026-08-05 09:04:48.699000+00:00,uhuru_street,Moderate,4,Uhuru Street (Ilala-Town)
0,"27.5°C, Clear",40.0,0.0,3,2026-08-05 07:58:13.824000+00:00,sinza_mori,Smooth,3,Sinza Road (Mori to Bamaga)
0,"27.9°C, Clear",45.7,0.0,23,2026-08-08 10:58:52.143000+00:00,posta_to_kimara,Smooth,23,Mega-Route: Posta to Kimara (Morogoro Rd)
2,"27.9°C, Clear",21.0,0.0,4,2026-08-07 08:50:33.951000+00:00,selander,Smooth,2,Ali Hassan Mwinyi
2,"21.3°C, Clear",30.0,0.0,7,2026-08-03 04:15:25.680000+00:00,kilwa_mbagala,Smooth,5,Kilwa Rd (Mbagala)
5,"22.6°C, Clear",18.8,0.0,8,2026-08-04 05:14:44.636000+00:00,changombe_road,Moderate,3,Chang'ombe Road (Temeke)
0,"22.9°C, Clear",42.0,0.0,6,2026-08-08 19:07:23.462000+00:00,sam_nujoma,Smooth,6,Sam Nujoma Rd (Mwenge-Ubungo)
4,"29.2°C, Cloudy",17.0,0.1,6,2026-08-06 10:44:43.621000+00:00,tazara,Moderate,2,Nyerere Rd (Tazara)
0,"23.1°C, Clear",45.5,0.0,29,2026-08-09 05:29:06.383000+00:00,posta_to_tegeta,Smooth,29,Mega-Route: Posta to Tegeta (Bagamoyo Rd)
1,"27.8°C, Clear",30.0,0.0,4,2026-08-08 11:29:26.103000+00:00,sinza_mori,Smooth,3,Sinza Road (Mori to Bamaga)
11,"25.2°C, Clear",8.6,0.0,14,2026-08-03 06:16:11.607000+00:00,morocco_intersection,Heavy Jam,3,Kawawa Rd (Morocco to Kinondoni)
0,"21.5°C, Clear",45.5,0.0,29,2026-08-04 21:55:22.766000+00:00,posta_to_tegeta,Smooth,29,Mega-Route: Posta to Tegeta (Bagamoyo Rd)
0,"22.1°C, Clear",40.0,0.0,3,2026-08-03 21:46:39.954000+00:00,sinza_mori,Smooth,3,Sinza Road (Mori to Bamaga)
1,"22.6°C, Clear",30.0,0.0,3,2026-08-04 19:00:32.676000+00:00,kigogo_roundabout,Smooth,2,Kawawa Rd (Kigogo Choke)
25,"28.7°C, Clear",7.6,0.0,30,2026-08-04 13:01:51.336000+00:00,tabata_dampo,Heavy Jam,5,Tabata Road (Mandela to Segerea)
6,"23.7°C, Clear",19.2,0.0,10,2026-08-06 05:16:22.661000+00:00,uhuru_street,Moderate,4,Uhuru Street (Ilala)
2,"28.9°C, Cloudy",21.0,0.1,4,2026-08-07 12:06:20.265000+00:00,selander,Smooth,2,Ali Hassan Mwinyi
2,"23.8°C, Clear",21.0,0.0,4,2026-08-08 17:00:48.587000+00:00,selander,Smooth,2,Ali Hassan Mwinyi
2,"22.9°C, Clear",30.0,0.0,5,2026-08-08 19:07:25.004000+00:00,changombe_road,Smooth,3,Chang'ombe Road (Temeke)
2,"23.7°C, Clear",30.0,0.0,7,2026-08-03 05:40:09.270000+00:00,mwai_kibaki,Smooth,5,Mwai Kibaki Rd (Kawe to Mikocheni)
1,"28.7°C, Clear",30.0,0.0,3,2026-08-09 11:00:37.791000+00:00,old_bagamoyo,Smooth,2,Old Bagamoyo Rd (Victoria)
0,"28.1°C, Cloudy",45.0,0.1,24,2026-08-09 10:03:24.517000+00:00,posta_to_gongolamboto,Smooth,24,Mega-Route: Posta to Gongo la Mboto (Nyerere Rd)
2,"25.2°C, Clear",21.0,0.0,4,2026-08-08 06:03:54.572000+00:00,selander,Smooth,2,Ali Hassan Mwinyi
2,"27.8°C, Clear",30.0,0.0,7,2026-08-07 08:50:33.189000+00:00,kilwa_mbagala,Smooth,5,Kilwa Rd (Mbagala)
4,"26.7°C, Clear",25.2,0.0,10,2026-08-05 15:12:31.187000+00:00,sam_nujoma,Moderate,6,Sam Nujoma Rd (Mwenge-Ubungo)
4,"24.6°C, Clear",25.2,0.0,10,2026-08-05 16:55:13.747000+00:00,sam_nujoma,Moderate,6,Sam Nujoma Rd (Mwenge-Ubungo)
0,"23.1°C, Clear",42.0,0.0,5,2026-08-05 20:12:53.101000+00:00,mwai_kibaki,Smooth,5,Mwai Kibaki Rd (Kawe to Mikocheni)
2,"21.5°C, Clear",32.0,0.0,6,2026-08-04 21:55:21.514000+00:00,uhuru_street,Smooth,4,Uhuru Street (Ilala-Town)
3,"22.5°C, Clear",14.4,0.0,5,2026-08-05 22:41:14.928000+00:00,fire_upanga,Smooth,2,UN Road (Fire to Upanga)
9,"26.3°C, Clear",7.6,0.0,11,2026-08-06 06:44:17.056000+00:00,selander,Heavy Jam,2,Ali Hassan Mwinyi
7,"25.2°C, Clear",8.0,0.0,9,2026-08-03 06:16:11.810000+00:00,fire_upanga,Moderate,2,UN Road (Fire to Upanga)
3,"23.0°C, Clear",14.4,0.0,5,2026-08-05 20:12:53.097000+00:00,fire_upanga,Smooth,2,UN Road (Fire to Upanga)
0,"23.4°C, Clear",45.0,0.0,24,2026-08-04 17:20:20.758000+00:00,posta_to_gongolamboto,Smooth,24,Mega-Route: Posta to Gongo la Mboto (Nyerere Rd)
2,"22.8°C, Clear",24.0,0.0,5,2026-08-08 19:51:30.478000+00:00,morocco_intersection,Smooth,3,Kawawa Rd (Morocco to Kinondoni)
0,"27.5°C, Clear",45.7,0.0,23,2026-08-09 07:30:20.062000+00:00,posta_to_kimara,Smooth,23,Mega-Route: Posta to Kimara (Morogoro Rd)
1,"23.4°C, Clear",30.0,0.0,3,2026-08-04 17:20:20.786000+00:00,kamata_gerezani,Smooth,2,Kamata / Gerezani (Port Entry)
6,"26.3°C, Clear",12.8,0.0,8,2026-08-07 14:46:46.535000+00:00,tazara,Moderate,2,Nyerere Rd (Tazara)
3,"25.2°C, Clear",26.2,0.0,8,2026-08-03 06:16:11.826000+00:00,mwai_kibaki,Smooth,5,Mwai Kibaki Rd (Kawe to Mikocheni)
5,"28.9°C, Cloudy",22.8,0.1,10,2026-08-07 12:06:20.617000+00:00,tabata_dampo,Moderate,5,Tabata Road (Mandela to Segerea)
5,"24.4°C, Clear",18.8,0.0,8,2026-08-05 16:55:14.578000+00:00,changombe_road,Moderate,3,Chang'ombe Road (Temeke)
5,"26.7°C, Clear",18.8,0.0,8,2026-08-03 07:20:35.605000+00:00,mandela_buguruni,Moderate,3,Mandela Rd (Port Link)
8,"26.0°C, Clear",7.2,0.0,10,2026-08-04 15:06:57.853000+00:00,fire_upanga,Heavy Jam,2,UN Road (Fire to Upanga)
2,"23.6°C, Clear",22.5,0.0,4,2026-08-06 05:16:23.934000+00:00,kigogo_roundabout,Smooth,2,Kawawa Rd (Kigogo Choke)
2,"27.7°C, Clear",22.5,0.0,4,2026-08-09 08:09:44.591000+00:00,mwenge,Smooth,2,Bagamoyo Rd (Mwenge)
3,"29.2°C, Cloudy",21.6,0.1,5,2026-08-07 11:14:29.784000+00:00,ubungo,Smooth,2,Morogoro Rd (Ubungo)
6,"27.6°C, Cloudy",16.7,0.1,9,2026-08-08 12:30:30.013000+00:00,mandela_buguruni,Moderate,3,Mandela Rd (Port Link)
4,"23.6°C, Clear",12.0,0.0,6,2026-08-05 18:21:01.454000+00:00,fire_upanga,Moderate,2,UN Road (Fire to Upanga)
3,"23.4°C, Clear",20.4,0.0,5,2026-08-08 18:24:52.404000+00:00,tazara,Smooth,2,Nyerere Rd (Tazara)
4,"22.4°C, Clear",26.7,0.0,9,2026-08-04 19:00:33.076000+00:00,goba_massana,Moderate,5,Goba Road (Massana to Goba Center)
1,"26.7°C, Clear",30.0,0.0,3,2026-08-03 07:20:36.182000+00:00,kamata_gerezani,Smooth,2,Kamata / Gerezani (Port Entry)
0,"27.9°C, Clear",42.0,0.0,5,2026-08-07 08:50:34.687000+00:00,mwai_kibaki,Smooth,5,Mwai Kibaki Rd (Kawe to Mikocheni)
1,"24.7°C, Clear",30.0,0.0,3,2026-08-08 15:54:43.328000+00:00,old_bagamoyo,Smooth,2,Old Bagamoyo Rd (Victoria)
2,"22.8°C, Clear",22.5,0.0,4,2026-08-08 19:51:28.138000+00:00,mwenge,Smooth,2,Bagamoyo Rd (Mwenge)
1,"21.3°C, Clear",30.0,0.0,3,2026-08-03 04:15:27.752000+00:00,kamata_gerezani,Smooth,2,Kamata / Gerezani (Port Entry)
2,"21.6°C, Clear",27.0,0.0,4,2026-08-08 04:07:00.782000+00:00,ubungo,Smooth,2,Morogoro Rd (Ubungo)
2,"22.8°C, Clear",21.0,0.0,4,2026-08-08 19:51:28.635000+00:00,selander,Smooth,2,Ali Hassan Mwinyi
3,"24.8°C, Clear",20.4,0.0,5,2026-08-08 15:54:42.987000+00:00,tazara,Smooth,2,Nyerere Rd (Tazara)
26,"28.5°C, Clear",5.2,0.0,29,2026-08-05 13:15:45.126000+00:00,mandela_buguruni,Heavy Jam,3,Mandela Rd (Port Link)
2,"21.0°C, Clear",22.0,,3,2026-08-03 02:51:20.647000+00:00,kariakoo,Smooth,1,Kariakoo Market Grid
3,"26.2°C, Clear",18.0,0.0,5,2026-08-07 14:46:45.255000+00:00,old_bagamoyo,Smooth,2,Old Bagamoyo Rd (Victoria)
2,"27.4°C, Clear",30.0,0.0,7,2026-08-06 07:18:59.547000+00:00,kilwa_mbagala,Smooth,5,Kilwa Rd (Mbagala)
2,"27.1°C, Clear",24.0,0.0,5,2026-08-07 07:58:57.528000+00:00,morocco_intersection,Smooth,3,Kawawa Rd (Morocco to Kinondoni)
9,"26.3°C, Clear",9.8,0.0,11,2026-08-06 06:44:17.855000+00:00,ubungo,Heavy Jam,2,Morogoro Rd (Ubungo)
2,"25.2°C, Clear",24.0,0.0,5,2026-08-03 06:25:30.342000+00:00,sinza_mori,Smooth,3,Sinza Road (Mori to Bamaga)
4,"26.5°C, Clear",24.0,0.0,8,2026-08-08 14:24:23.431000+00:00,uhuru_street,Moderate,4,Uhuru Street (Ilala)
1,"22.8°C, Clear",36.0,0.0,3,2026-08-05 21:36:59.146000+00:00,ubungo,Smooth,2,Morogoro Rd (Ubungo)
4,"29.1°C, Clear",23.3,0.0,9,2026-08-05 10:42:54.760000+00:00,kilwa_mbagala,Moderate,5,Kilwa Rd (Mbagala)
2,"21.0°C, Clear",22.5,,4,2026-08-03 02:51:19.429000+00:00,mwenge,Smooth,2,Bagamoyo Rd (Mwenge)
0,"21.6°C, Clear",45.7,0.0,23,2026-08-07 00:40:19.868000+00:00,posta_to_kimara,Smooth,23,Mega-Route: Posta to Kimara (Morogoro Rd)
2,"27.3°C, Clear",24.0,0.0,5,2026-08-06 07:19:01.385000+00:00,morocco_intersection,Smooth,3,Kawawa Rd (Morocco to Kinondoni)
0,"25.4°C, Clear",45.7,0.0,23,2026-08-09 15:15:26.501000+00:00,posta_to_kimara,Smooth,23,Mega-Route: Posta to Kimara (Morogoro Rd)
0,"23.4°C, Clear",42.0,0.0,5,2026-08-07 19:45:48.843000+00:00,mwai_kibaki,Smooth,5,Mwai Kibaki Rd (Kawe to Mikocheni)
0,"28.6°C, Clear",42.0,0.0,6,2026-08-09 11:53:56.655000+00:00,sam_nujoma,Smooth,6,Sam Nujoma Rd (Mwenge-Ubungo)
2,"23.7°C, Clear",22.5,0.0,4,2026-08-04 17:20:19.029000+00:00,mwenge,Smooth,2,Bagamoyo Rd (Mwenge)
7,"23.4°C, Clear",17.5,0.0,12,2026-08-05 16:55:14.258000+00:00,kilwa_mbagala,Moderate,5,Kilwa Rd (Mbagala)
0,"21.3°C, Clear",42.0,0.0,6,2026-08-03 04:15:25.085000+00:00,sam_nujoma,Smooth,6,Sam Nujoma Rd (Mwenge-Ubungo)
3,"28.1°C, Cloudy",20.4,0.1,5,2026-08-09 09:09:30.382000+00:00,tazara,Smooth,2,Nyerere Rd (Tazara)
5,"26.1°C, Clear",24.0,0.0,10,2026-08-08 14:24:26.079000+00:00,goba_massana,Moderate,5,Goba Road (Massana to Goba Center)
3,"26.8°C, Clear",18.0,0.0,5,2026-08-07 14:21:48.714000+00:00,old_bagamoyo,Smooth,2,Old Bagamoyo Rd (Victoria)
4,"27.1°C, Clear",24.0,0.0,8,2026-08-07 07:58:56.799000+00:00,uhuru_street,Moderate,4,Uhuru Street (Ilala)
2,"28.0°C, Cloudy",30.0,0.1,5,2026-08-07 08:50:34.375000+00:00,changombe_road,Smooth,3,Chang'ombe Road (Temeke)
0,"25.4°C, Clear",45.5,0.0,29,2026-08-08 15:24:24.746000+00:00,posta_to_tegeta,Smooth,29,Mega-Route: Posta to Tegeta (Bagamoyo Rd)
12,"22.5°C, Clear",30.0,0.0,35,2026-08-05 05:14:31.701000+00:00,posta_to_kimara,Heavy Jam,23,Mega-Route: Posta to Kimara (Morogoro Rd)
1,"28.1°C, Cloudy",30.0,0.1,3,2026-08-09 10:03:24.658000+00:00,kamata_gerezani,Smooth,2,Kamata / Gerezani (Port Entry)
48,"26.5°C, Clear",14.8,0.0,71,2026-08-03 14:00:40.866000+00:00,posta_to_kimara,Heavy Jam,23,Mega-Route: Posta to Kimara (Morogoro Rd)
2,"25.4°C, Clear",30.0,0.0,7,2026-08-09 15:00:20.500000+00:00,kilwa_mbagala,Smooth,5,Kilwa Rd (Mbagala)
2,"25.4°C, Clear",30.0,0.0,5,2026-08-08 15:24:25.126000+00:00,changombe_road,Smooth,3,Chang'ombe Road (Temeke)
3,"27.7°C, Clear",20.4,0.0,5,2026-08-09 13:42:42.975000+00:00,tazara,Smooth,2,Nyerere Rd (Tazara)
1,"27.1°C, Clear",30.0,0.0,3,2026-08-03 07:51:23.449000+00:00,old_bagamoyo,Smooth,2,Old Bagamoyo Rd (Victoria)
2,"21.0°C, Clear",30.0,,5,2026-08-03 02:51:21.537000+00:00,changombe_road,Smooth,3,Chang'ombe Road (Temeke)
6,"28.4°C, Clear",19.2,0.0,10,2026-08-07 09:21:18.098000+00:00,uhuru_street,Moderate,4,Uhuru Street (Ilala)
3,"24.6°C, Clear",18.0,0.0,5,2026-08-05 16:55:12.805000+00:00,old_bagamoyo,Smooth,2,Old Bagamoyo Rd (Victoria)
2,"21.6°C, Clear",21.0,0.0,4,2026-08-08 04:07:01.146000+00:00,selander,Smooth,2,Ali Hassan Mwinyi
2,"29.4°C, Clear",31.5,0.0,8,2026-08-04 10:42:40.139000+00:00,sam_nujoma,Smooth,6,Sam Nujoma Rd (Mwenge-Ubungo)
1,"23.4°C, Clear",36.0,0.0,3,2026-08-07 19:45:47.446000+00:00,ubungo,Smooth,2,Morogoro Rd (Ubungo)
9,"29.4°C, Clear",12.5,0.0,12,2026-08-05 10:42:54.826000+00:00,mandela_buguruni,Heavy Jam,3,Mandela Rd (Port Link)
1,"27.7°C, Clear",30.0,0.0,3,2026-08-09 13:42:43.492000+00:00,kamata_gerezani,Smooth,2,Kamata / Gerezani (Port Entry)
1,"24.7°C, Clear",30.0,0.0,3,2026-08-08 15:54:43.903000+00:00,kigogo_roundabout,Smooth,2,Kawawa Rd (Kigogo Choke)
2,"27.1°C, Clear",21.0,0.0,4,2026-08-07 07:58:56.668000+00:00,selander,Smooth,2,Ali Hassan Mwinyi
11,"21.3°C, Clear",10.7,0.0,14,2026-08-07 04:25:09.042000+00:00,mandela_buguruni,Heavy Jam,3,Mandela Rd (Port Link)
2,"28.7°C, Clear",22.5,0.0,4,2026-08-09 11:00:36.830000+00:00,mwenge,Smooth,2,Bagamoyo Rd (Mwenge)
0,"29.0°C, Clear",45.0,0.0,24,2026-08-05 12:51:15.310000+00:00,posta_to_gongolamboto,Smooth,24,Mega-Route: Posta to Gongo la Mboto (Nyerere Rd)
4,"27.6°C, Cloudy",24.0,0.1,8,2026-08-08 12:30:30.462000+00:00,uhuru_street,Moderate,4,Uhuru Street (Ilala)
1,"25.4°C, Clear",30.0,0.0,3,2026-08-09 15:15:26.505000+00:00,kamata_gerezani,Smooth,2,Kamata / Gerezani (Port Entry)
2,"22.6°C, Clear",22.0,0.0,3,2026-08-04 19:00:31.507000+00:00,kariakoo,Smooth,1,Kariakoo Market Grid
3,"24.5°C, Clear",26.2,0.0,8,2026-08-07 16:43:45.711000+00:00,mwai_kibaki,Smooth,5,Mwai Kibaki Rd (Kawe to Mikocheni)
1,"29.0°C, Clear",30.0,0.0,3,2026-08-05 12:51:15.303000+00:00,kamata_gerezani,Smooth,2,Kamata / Gerezani (Port Entry)
0,"29.0°C, Clear",45.7,0.0,23,2026-08-07 12:06:20.543000+00:00,posta_to_kimara,Smooth,23,Mega-Route: Posta to Kimara (Morogoro Rd)
2,"24.4°C, Clear",21.0,0.0,4,2026-08-08 16:13:09.976000+00:00,selander,Smooth,2,Ali Hassan Mwinyi
10,"26.3°C, Clear",15.2,0.0,15,2026-08-06 06:44:18.089000+00:00,tabata_dampo,Heavy Jam,5,Tabata Road (Mandela to Segerea)
5,"25.7°C, Clear",22.8,0.0,10,2026-08-09 15:00:21.120000+00:00,tabata_dampo,Moderate,5,Tabata Road (Mandela to Segerea)
2,"26.7°C, Clear",30.0,0.0,5,2026-08-03 07:20:36.202000+00:00,changombe_road,Smooth,3,Chang'ombe Road (Temeke)
2,"21.6°C, Clear",30.0,0.0,5,2026-08-08 04:07:01.671000+00:00,changombe_road,Smooth,3,Chang'ombe Road (Temeke)
3,"29.0°C, Clear",18.0,0.0,5,2026-08-05 10:42:55.417000+00:00,mwenge,Smooth,2,Bagamoyo Rd (Mwenge)
0,"23.4°C, Clear",45.7,0.0,23,2026-08-07 19:45:48.412000+00:00,posta_to_kimara,Smooth,23,Mega-Route: Posta to Kimara (Morogoro Rd)
6,"25.4°C, Clear",16.7,0.0,9,2026-08-08 15:24:24.736000+00:00,mandela_buguruni,Moderate,3,Mandela Rd (Port Link)
3,"27.6°C, Clear",20.4,0.0,5,2026-08-06 07:19:00.440000+00:00,tazara,Smooth,2,Nyerere Rd (Tazara)
2,"27.9°C, Clear",21.0,0.0,4,2026-08-09 09:09:29.990000+00:00,selander,Smooth,2,Ali Hassan Mwinyi
2,"28.7°C, Clear",41.5,0.0,26,2026-08-05 09:25:30.451000+00:00,posta_to_gongolamboto,Smooth,24,Mega-Route: Posta to Gongo la Mboto (Nyerere Rd)
1,"21.6°C, Clear",30.0,0.0,3,2026-08-04 21:55:21.501000+00:00,old_bagamoyo,Smooth,2,Old Bagamoyo Rd (Victoria)
6,"28.5°C, Clear",12.8,0.0,8,2026-08-04 13:01:50.373000+00:00,tazara,Moderate,2,Nyerere Rd (Tazara)
5,"23.7°C, Clear",24.0,0.0,10,2026-08-08 17:00:50.595000+00:00,goba_massana,Moderate,5,Goba Road (Massana to Goba Center)
1,"25.3°C, Clear",30.0,0.0,4,2026-08-09 15:15:27.089000+00:00,sinza_mori,Smooth,3,Sinza Road (Mori to Bamaga)
3,"28.5°C, Clear",20.4,0.0,5,2026-08-08 11:29:25.040000+00:00,tazara,Smooth,2,Nyerere Rd (Tazara)
5,"25.1°C, Clear",12.0,0.0,7,2026-08-07 15:46:49.242000+00:00,selander,Moderate,2,Ali Hassan Mwinyi
0,"27.7°C, Clear",42.0,0.0,5,2026-08-07 08:38:20.516000+00:00,mwai_kibaki,Smooth,5,Mwai Kibaki Rd (Kawe to Mikocheni)
3,"29.4°C, Clear",25.0,0.0,6,2026-08-05 10:42:56.336000+00:00,changombe_road,Smooth,3,Chang'ombe Road (Temeke)
2,"24.7°C, Clear",22.5,0.0,4,2026-08-09 06:08:47.834000+00:00,mwenge,Smooth,2,Bagamoyo Rd (Mwenge)
9,"23.6°C, Clear",7.6,0.0,11,2026-08-06 05:16:23.443000+00:00,selander,Heavy Jam,2,Ali Hassan Mwinyi
2,"28.6°C, Cloudy",22.5,0.1,4,2026-08-05 09:04:49.367000+00:00,kamata_gerezani,Smooth,2,Kamata / Gerezani (Port Entry)
2,"21.7°C, Clear",30.0,0.0,7,2026-08-08 19:51:28.078000+00:00,kilwa_mbagala,Smooth,5,Kilwa Rd (Mbagala)
0,"23.7°C, Clear",42.0,0.0,6,2026-08-05 18:21:00.533000+00:00,sam_nujoma,Smooth,6,Sam Nujoma Rd (Mwenge-Ubungo)
5,"22.4°C, Clear",18.8,0.0,8,2026-08-03 20:26:53.242000+00:00,mandela_buguruni,Moderate,3,Mandela Rd (Port Link)
1,"27.7°C, Cloudy",30.0,0.1,3,2026-08-09 10:03:24.768000+00:00,kigogo_roundabout,Smooth,2,Kawawa Rd (Kigogo Choke)
2,"27.3°C, Clear",22.5,0.0,4,2026-08-04 07:57:07.666000+00:00,mwenge,Smooth,2,Bagamoyo Rd (Mwenge)
1,"20.2°C, Clear",35.0,0.0,6,2026-08-04 21:55:21.208000+00:00,kilwa_mbagala,Smooth,5,Kilwa Rd (Mbagala)
12,"26.7°C, Clear",7.3,0.0,14,2026-08-06 06:44:17.516000+00:00,tazara,Heavy Jam,2,Nyerere Rd (Tazara)
12,"22.4°C, Clear",8.0,0.0,15,2026-08-05 05:14:31.905000+00:00,morocco_intersection,Heavy Jam,3,Kawawa Rd (Morocco to Kinondoni)
4,"26.3°C, Clear",13.2,0.0,5,2026-08-04 15:06:56.949000+00:00,kariakoo,Moderate,1,Kariakoo Market Grid
3,"29.4°C, Clear",16.8,0.0,5,2026-08-06 10:44:43.765000+00:00,selander,Smooth,2,Ali Hassan Mwinyi
2,"22.9°C, Clear",24.0,0.0,5,2026-08-08 19:07:25.016000+00:00,morocco_intersection,Smooth,3,Kawawa Rd (Morocco to Kinondoni)
2,"28.1°C, Clear",27.0,0.0,4,2026-08-09 12:33:29.585000+00:00,ubungo,Smooth,2,Morogoro Rd (Ubungo)
4,"20.8°C, Clear",12.0,0.0,6,2026-08-09 04:12:14.287000+00:00,fire_upanga,Moderate,2,UN Road (Fire to Upanga)
61,"28.4°C, Clear",14.7,0.0,90,2026-08-07 13:11:25.842000+00:00,posta_to_tegeta,Heavy Jam,29,Mega-Route: Posta to Tegeta (Bagamoyo Rd)
2,"22.6°C, Clear",22.5,0.0,4,2026-08-04 05:14:42.914000+00:00,old_bagamoyo,Smooth,2,Old Bagamoyo Rd (Victoria)
1,"21.7°C, Clear",35.0,0.0,6,2026-08-05 20:12:51.136000+00:00,kilwa_mbagala,Smooth,5,Kilwa Rd (Mbagala)
0,"23.6°C, Clear",45.7,0.0,23,2026-08-05 18:21:01.131000+00:00,posta_to_kimara,Smooth,23,Mega-Route: Posta to Kimara (Morogoro Rd)
1,"26.9°C, Clear",30.0,0.0,3,2026-08-08 07:28:07.773000+00:00,kamata_gerezani,Smooth,2,Kamata / Gerezani (Port Entry)
1,"22.8°C, Clear",30.0,0.0,3,2026-08-08 19:51:30.278000+00:00,kamata_gerezani,Smooth,2,Kamata / Gerezani (Port Entry)
2,"24.7°C, Cloudy",22.5,0.1,4,2026-08-08 10:01:39.363000+00:00,mwenge,Smooth,2,Bagamoyo Rd (Mwenge)
1,"21.0°C, Clear",30.0,,3,2026-08-03 02:51:21.748000+00:00,kamata_gerezani,Smooth,2,Kamata / Gerezani (Port Entry)
0,"22.5°C, Clear",45.0,0.0,2,2026-08-04 19:00:32.124000+00:00,kamata_gerezani,Smooth,2,Kamata / Gerezani (Port Entry)
2,"23.1°C, Clear",22.5,0.0,4,2026-08-03 18:50:31.958000+00:00,mwenge,Smooth,2,Bagamoyo Rd (Mwenge)
2,"21.0°C, Clear",27.0,0.0,4,2026-08-09 04:12:13.322000+00:00,ubungo,Smooth,2,Morogoro Rd (Ubungo)
9,"21.4°C, Clear",8.2,0.0,11,2026-08-07 04:25:08.532000+00:00,mwenge,Heavy Jam,2,Bagamoyo Rd (Mwenge)
1,"28.1°C, Clear",30.0,0.0,3,2026-08-09 12:33:30.101000+00:00,old_bagamoyo,Smooth,2,Old Bagamoyo Rd (Victoria)
5,"23.3°C, Clear",24.0,0.0,10,2026-08-09 05:29:09.281000+00:00,goba_massana,Moderate,5,Goba Road (Massana to Goba Center)
1,"26.9°C, Clear",30.0,0.0,3,2026-08-08 10:58:52.177000+00:00,kigogo_roundabout,Smooth,2,Kawawa Rd (Kigogo Choke)
0,"27.0°C, Clear",45.7,0.0,23,2026-08-08 08:06:36.074000+00:00,posta_to_kimara,Smooth,23,Mega-Route: Posta to Kimara (Morogoro Rd)
3,"26.8°C, Clear",18.0,0.0,5,2026-08-07 14:21:49.766000+00:00,kamata_gerezani,Smooth,2,Kamata / Gerezani (Port Entry)
0,"21.3°C, Clear",42.0,0.0,5,2026-08-03 04:15:30.462000+00:00,mwai_kibaki,Smooth,5,Mwai Kibaki Rd (Kawe to Mikocheni)
8,"28.5°C, Clear",13.6,0.0,11,2026-08-03 11:21:38.057000+00:00,mandela_buguruni,Heavy Jam,3,Mandela Rd (Port Link)
0,"27.3°C, Clear",40.0,0.0,3,2026-08-06 07:19:01.582000+00:00,sinza_mori,Smooth,3,Sinza Road (Mori to Bamaga)
10,"25.2°C, Clear",33.8,0.0,39,2026-08-03 06:16:11.535000+00:00,posta_to_tegeta,Heavy Jam,29,Mega-Route: Posta to Tegeta (Bagamoyo Rd)
1,"27.5°C, Clear",30.0,0.0,3,2026-08-09 07:30:20.122000+00:00,kamata_gerezani,Smooth,2,Kamata / Gerezani (Port Entry)
3,"21.7°C, Clear",30.0,0.0,8,2026-08-07 00:40:20.535000+00:00,goba_massana,Smooth,5,Goba Road (Massana to Goba Center)
9,"23.6°C, Clear",9.8,0.0,11,2026-08-06 05:16:22.361000+00:00,ubungo,Heavy Jam,2,Morogoro Rd (Ubungo)
5,"26.8°C, Clear",12.9,0.0,7,2026-08-07 14:21:49.479000+00:00,mwenge,Moderate,2,Bagamoyo Rd (Mwenge)
0,"22.6°C, Clear",45.7,0.0,23,2026-08-05 21:37:00.274000+00:00,posta_to_kimara,Smooth,23,Mega-Route: Posta to Kimara (Morogoro Rd)
2,"28.3°C, Cloudy",22.5,0.1,4,2026-08-05 09:04:49.676000+00:00,kigogo_roundabout,Smooth,2,Kawawa Rd (Kigogo Choke)
0,"23.3°C, Clear",45.5,0.0,29,2026-08-08 05:13:53.987000+00:00,posta_to_tegeta,Smooth,29,Mega-Route: Posta to Tegeta (Bagamoyo Rd)
2,"27.7°C, Cloudy",22.5,0.1,4,2026-08-09 10:03:23.513000+00:00,mwenge,Smooth,2,Bagamoyo Rd (Mwenge)
5,"23.9°C, Clear",24.0,0.0,10,2026-08-07 17:41:57.899000+00:00,goba_massana,Moderate,5,Goba Road (Massana to Goba Center)
6,"28.3°C, Clear",16.7,0.0,9,2026-08-06 07:57:42.206000+00:00,mandela_buguruni,Moderate,3,Mandela Rd (Port Link)
2,"24.6°C, Clear",22.5,0.0,4,2026-08-07 05:59:54.355000+00:00,old_bagamoyo,Smooth,2,Old Bagamoyo Rd (Victoria)
4,"23.5°C, Rainy",23.3,0.5,9,2026-08-08 09:08:50.372000+00:00,kilwa_mbagala,Moderate,5,Kilwa Rd (Mbagala)
1,"22.4°C, Clear",30.0,0.0,3,2026-08-03 20:26:54.346000+00:00,kamata_gerezani,Smooth,2,Kamata / Gerezani (Port Entry)
1,"23.1°C, Clear",30.0,0.0,3,2026-08-03 18:50:33.210000+00:00,kigogo_roundabout,Smooth,2,Kawawa Rd (Kigogo Choke)
0,"23.4°C, Clear",45.7,0.0,23,2026-08-04 17:20:20.721000+00:00,posta_to_kimara,Smooth,23,Mega-Route: Posta to Kimara (Morogoro Rd)
2,"28.4°C, Clear",22.5,0.0,4,2026-08-07 09:21:18.373000+00:00,kamata_gerezani,Smooth,2,Kamata / Gerezani (Port Entry)
0,"24.0°C, Clear",45.5,0.0,29,2026-08-07 17:41:56.234000+00:00,posta_to_tegeta,Smooth,29,Mega-Route: Posta to Tegeta (Bagamoyo Rd)
4,"22.9°C, Clear",24.0,0.0,8,2026-08-08 19:07:24.100000+00:00,uhuru_street,Moderate,4,Uhuru Street (Ilala)
0,"29.0°C, Clear",45.5,0.0,29,2026-08-07 12:06:19.058000+00:00,posta_to_tegeta,Smooth,29,Mega-Route: Posta to Tegeta (Bagamoyo Rd)
0,"22.0°C, Clear",45.5,0.0,29,2026-08-03 21:46:39.197000+00:00,posta_to_tegeta,Smooth,29,Mega-Route: Posta to Tegeta (Bagamoyo Rd)
4,"24.5°C, Clear",17.1,0.0,7,2026-08-07 16:43:45.722000+00:00,sinza_mori,Moderate,3,Sinza Road (Mori to Bamaga)
2,"23.8°C, Clear",24.0,0.0,5,2026-08-08 17:00:49.965000+00:00,morocco_intersection,Smooth,3,Kawawa Rd (Morocco to Kinondoni)
0,"28.5°C, Clear",45.5,0.0,29,2026-08-08 11:29:25.011000+00:00,posta_to_tegeta,Smooth,29,Mega-Route: Posta to Tegeta (Bagamoyo Rd)
3,"21.3°C, Clear",20.4,0.0,5,2026-08-03 04:15:25.685000+00:00,tazara,Smooth,2,Nyerere Rd (Tazara)
3,"23.6°C, Clear",20.4,0.0,5,2026-08-05 18:20:59.728000+00:00,tazara,Smooth,2,Nyerere Rd (Tazara)
4,"28.5°C, Clear",25.2,0.0,10,2026-08-07 13:11:26.791000+00:00,sam_nujoma,Moderate,6,Sam Nujoma Rd (Mwenge-Ubungo)
0,"26.5°C, Clear",45.5,0.0,29,2026-08-08 14:24:23.869000+00:00,posta_to_tegeta,Smooth,29,Mega-Route: Posta to Tegeta (Bagamoyo Rd)
1,"23.4°C, Clear",30.0,0.0,3,2026-08-07 19:45:48.548000+00:00,kigogo_roundabout,Smooth,2,Kawawa Rd (Kigogo Choke)
2,"26.7°C, Clear",22.5,0.0,4,2026-08-06 06:44:18.092000+00:00,kamata_gerezani,Smooth,2,Kamata / Gerezani (Port Entry)
3,"23.7°C, Clear",16.5,0.0,4,2026-08-03 05:40:36.063000+00:00,kariakoo,Smooth,1,Kariakoo Market Grid
1,"23.1°C, Clear",30.0,0.0,3,2026-08-09 05:29:08.250000+00:00,kamata_gerezani,Smooth,2,Kamata / Gerezani (Port Entry)
9,"26.5°C, Clear",14.8,0.0,13,2026-08-03 14:00:39.635000+00:00,uhuru_street,Heavy Jam,4,Uhuru Street (Ilala-Town)
2,"24.6°C, Clear",22.5,0.0,4,2026-08-07 05:59:54.964000+00:00,kigogo_roundabout,Smooth,2,Kawawa Rd (Kigogo Choke)
2,"27.0°C, Cloudy",22.5,0.1,4,2026-08-08 08:06:35.582000+00:00,mwenge,Smooth,2,Bagamoyo Rd (Mwenge)
12,"23.7°C, Clear",7.3,0.0,14,2026-08-06 05:16:23.437000+00:00,tazara,Heavy Jam,2,Nyerere Rd (Tazara)
0,"28.0°C, Clear",45.5,0.0,29,2026-08-09 08:09:45.363000+00:00,posta_to_tegeta,Smooth,29,Mega-Route: Posta to Tegeta (Bagamoyo Rd)
4,"28.3°C, Rainy",21.4,0.1,7,2026-08-05 08:38:47.738000+00:00,changombe_road,Moderate,3,Chang'ombe Road (Temeke)
1,"23.7°C, Clear",30.0,0.0,3,2026-08-05 18:21:00.531000+00:00,old_bagamoyo,Smooth,2,Old Bagamoyo Rd (Victoria)
2,"27.9°C, Clear",24.0,0.0,5,2026-08-09 09:09:31.545000+00:00,morocco_intersection,Smooth,3,Kawawa Rd (Morocco to Kinondoni)
3,"26.2°C, Clear",18.0,0.0,5,2026-08-07 14:46:47.179000+00:00,kigogo_roundabout,Smooth,2,Kawawa Rd (Kigogo Choke)
2,"28.2°C, Cloudy",30.0,0.1,7,2026-08-09 10:03:23.511000+00:00,kilwa_mbagala,Smooth,5,Kilwa Rd (Mbagala)
2,"23.0°C, Clear",30.0,0.0,5,2026-08-03 18:50:33.186000+00:00,changombe_road,Smooth,3,Chang'ombe Road (Temeke)
2,"25.3°C, Clear",27.0,0.0,4,2026-08-09 15:15:25.866000+00:00,ubungo,Smooth,2,Morogoro Rd (Ubungo)
2,"24.7°C, Clear",22.5,0.0,4,2026-08-08 15:54:42.252000+00:00,mwenge,Smooth,2,Bagamoyo Rd (Mwenge)
13,"21.3°C, Clear",31.4,0.0,42,2026-08-07 04:25:09.030000+00:00,posta_to_tegeta,Heavy Jam,29,Mega-Route: Posta to Tegeta (Bagamoyo Rd)
11,"25.2°C, Clear",14.8,0.0,17,2026-08-03 06:16:10.412000+00:00,sam_nujoma,Heavy Jam,6,Sam Nujoma Rd (Mwenge-Ubungo)
2,"28.0°C, Clear",30.0,0.0,7,2026-08-06 07:57:42.651000+00:00,kilwa_mbagala,Smooth,5,Kilwa Rd (Mbagala)
2,"27.0°C, Cloudy",27.0,0.1,4,2026-08-08 08:06:35.847000+00:00,ubungo,Smooth,2,Morogoro Rd (Ubungo)
2,"28.4°C, Clear",22.5,0.0,4,2026-08-03 11:21:39.312000+00:00,kigogo_roundabout,Smooth,2,Kawawa Rd (Kigogo Choke)
5,"29.0°C, Clear",21.0,0.0,10,2026-08-04 10:42:40.986000+00:00,kilwa_mbagala,Moderate,5,Kilwa Rd (Mbagala)
3,"23.4°C, Clear",14.4,0.0,5,2026-08-07 19:45:48.836000+00:00,fire_upanga,Smooth,2,UN Road (Fire to Upanga)
3,"24.0°C, Clear",20.4,0.0,5,2026-08-07 17:41:56.592000+00:00,tazara,Smooth,2,Nyerere Rd (Tazara)
1,"29.4°C, Clear",35.0,0.0,6,2026-08-04 10:42:41.651000+00:00,mwai_kibaki,Smooth,5,Mwai Kibaki Rd (Kawe to Mikocheni)
0,"28.3°C, Clear",42.0,0.0,6,2026-08-06 12:55:05.353000+00:00,sam_nujoma,Smooth,6,Sam Nujoma Rd (Mwenge-Ubungo)
11,"24.6°C, Clear",10.7,0.0,14,2026-08-07 05:59:53.436000+00:00,mandela_buguruni,Heavy Jam,3,Mandela Rd (Port Link)
1,"26.5°C, Clear",30.0,0.0,3,2026-08-03 07:20:35.640000+00:00,old_bagamoyo,Smooth,2,Old Bagamoyo Rd (Victoria)
2,"25.2°C, Clear",22.5,0.0,4,2026-08-08 06:03:53.287000+00:00,mwenge,Smooth,2,Bagamoyo Rd (Mwenge)
5,"27.3°C, Clear",24.0,0.0,10,2026-08-04 07:57:09.638000+00:00,goba_massana,Moderate,5,Goba Road (Massana to Goba Center)
2,"26.9°C, Clear",21.0,0.0,4,2026-08-08 10:58:50.981000+00:00,selander,Smooth,2,Ali Hassan Mwinyi
2,"22.5°C, Clear",22.5,0.0,4,2026-08-05 05:14:31.720000+00:00,kamata_gerezani,Smooth,2,Kamata / Gerezani (Port Entry)
6,"28.4°C, Clear",9.0,0.0,8,2026-08-07 09:21:18.888000+00:00,fire_upanga,Moderate,2,UN Road (Fire to Upanga)
0,"28.0°C, Clear",40.0,0.0,3,2026-08-06 07:57:43.636000+00:00,sinza_mori,Smooth,3,Sinza Road (Mori to Bamaga)
2,"28.3°C, Clear",22.5,0.0,4,2026-08-07 09:21:18.647000+00:00,kigogo_roundabout,Smooth,2,Kawawa Rd (Kigogo Choke)
2,"25.7°C, Clear",27.0,0.0,4,2026-08-09 15:00:20.539000+00:00,ubungo,Smooth,2,Morogoro Rd (Ubungo)
2,"25.2°C, Clear",27.0,0.0,4,2026-08-08 15:24:24.019000+00:00,ubungo,Smooth,2,Morogoro Rd (Ubungo)
4,"23.6°C, Clear",12.0,0.0,6,2026-08-08 17:55:14.178000+00:00,fire_upanga,Moderate,2,UN Road (Fire to Upanga)
5,"26.6°C, Clear",12.9,0.0,7,2026-08-03 14:00:39.325000+00:00,mwenge,Moderate,2,Bagamoyo Rd (Mwenge)
11,"22.6°C, Clear",14.8,0.0,17,2026-08-04 05:14:44.125000+00:00,sam_nujoma,Heavy Jam,6,Sam Nujoma Rd (Mwenge-Ubungo)
7,"25.7°C, Clear",17.5,0.0,12,2026-08-06 15:12:21.556000+00:00,kilwa_mbagala,Moderate,5,Kilwa Rd (Mbagala)
5,"26.2°C, Clear",12.0,0.0,7,2026-08-07 14:46:46.238000+00:00,selander,Moderate,2,Ali Hassan Mwinyi
3,"25.1°C, Clear",18.0,0.0,5,2026-08-07 15:46:49.666000+00:00,old_bagamoyo,Smooth,2,Old Bagamoyo Rd (Victoria)
0,"24.9°C, Clear",45.5,0.0,29,2026-08-09 06:08:48.761000+00:00,posta_to_tegeta,Smooth,29,Mega-Route: Posta to Tegeta (Bagamoyo Rd)
2,"24.7°C, Cloudy",24.0,0.1,5,2026-08-08 10:01:40.346000+00:00,morocco_intersection,Smooth,3,Kawawa Rd (Morocco to Kinondoni)
5,"23.0°C, Clear",18.8,0.0,8,2026-08-05 20:12:52.194000+00:00,mandela_buguruni,Moderate,3,Mandela Rd (Port Link)
3,"22.7°C, Clear",28.5,0.0,8,2026-08-05 22:41:14.498000+00:00,tabata_dampo,Smooth,5,Tabata Road (Mandela to Segerea)
2,"22.4°C, Clear",30.0,0.0,7,2026-08-04 17:20:20.397000+00:00,kilwa_mbagala,Smooth,5,Kilwa Rd (Mbagala)
2,"24.5°C, Clear",30.0,0.0,5,2026-08-08 16:13:10.720000+00:00,changombe_road,Smooth,3,Chang'ombe Road (Temeke)
2,"21.6°C, Clear",22.5,0.0,4,2026-08-08 04:07:01.187000+00:00,mwenge,Smooth,2,Bagamoyo Rd (Mwenge)
1,"27.9°C, Clear",30.0,0.0,3,2026-08-07 08:50:34.391000+00:00,kigogo_roundabout,Smooth,2,Kawawa Rd (Kigogo Choke)
3,"25.2°C, Clear",18.0,0.0,5,2026-08-03 06:16:11.536000+00:00,kamata_gerezani,Smooth,2,Kamata / Gerezani (Port Entry)
5,"22.5°C, Clear",18.8,0.0,8,2026-08-05 05:14:31.730000+00:00,changombe_road,Moderate,3,Chang'ombe Road (Temeke)
0,"23.4°C, Clear",45.5,0.0,29,2026-08-07 19:45:47.883000+00:00,posta_to_tegeta,Smooth,29,Mega-Route: Posta to Tegeta (Bagamoyo Rd)
1,"24.2°C, Clear",30.0,0.0,4,2026-08-08 16:22:38.928000+00:00,sinza_mori,Smooth,3,Sinza Road (Mori to Bamaga)
2,"25.8°C, Clear",24.0,0.0,5,2026-08-08 14:56:42.524000+00:00,morocco_intersection,Smooth,3,Kawawa Rd (Morocco to Kinondoni)
3,"26.5°C, Clear",18.0,0.0,5,2026-08-03 14:00:40.961000+00:00,kamata_gerezani,Smooth,2,Kamata / Gerezani (Port Entry)
4,"24.0°C, Clear",12.0,0.0,6,2026-08-07 17:41:57.546000+00:00,fire_upanga,Moderate,2,UN Road (Fire to Upanga)
5,"27.9°C, Clear",22.8,0.0,10,2026-08-09 09:09:31.385000+00:00,tabata_dampo,Moderate,5,Tabata Road (Mandela to Segerea)
2,"22.5°C, Clear",32.0,0.0,6,2026-08-05 22:41:14.263000+00:00,uhuru_street,Smooth,4,Uhuru Street (Ilala)
6,"26.7°C, Clear",19.2,0.0,10,2026-08-06 06:44:16.774000+00:00,uhuru_street,Moderate,4,Uhuru Street (Ilala)
9,"22.7°C, Clear",17.1,0.0,14,2026-08-04 05:14:45.410000+00:00,goba_massana,Heavy Jam,5,Goba Road (Massana to Goba Center)
0,"26.9°C, Clear",45.0,0.0,24,2026-08-08 07:28:07.743000+00:00,posta_to_gongolamboto,Smooth,24,Mega-Route: Posta to Gongo la Mboto (Nyerere Rd)
3,"23.0°C, Rainy",18.0,0.6,5,2026-08-08 09:08:50.094000+00:00,mwenge,Smooth,2,Bagamoyo Rd (Mwenge)
2,"27.1°C, Clear",30.0,0.0,7,2026-08-03 07:51:23.586000+00:00,kilwa_mbagala,Smooth,5,Kilwa Rd (Mbagala)
2,"27.1°C, Cloudy",27.0,0.1,4,2026-08-08 12:30:30.015000+00:00,ubungo,Smooth,2,Morogoro Rd (Ubungo)
0,"27.7°C, Cloudy",42.0,0.1,5,2026-08-09 10:03:24.971000+00:00,mwai_kibaki,Smooth,5,Mwai Kibaki Rd (Kawe to Mikocheni)
3,"25.3°C, Clear",20.4,0.0,5,2026-08-08 06:03:53.543000+00:00,tazara,Smooth,2,Nyerere Rd (Tazara)
1,"25.8°C, Clear",30.0,0.0,3,2026-08-09 15:00:21.109000+00:00,kamata_gerezani,Smooth,2,Kamata / Gerezani (Port Entry)
0,"26.5°C, Clear",42.0,0.0,6,2026-08-03 07:20:34.482000+00:00,sam_nujoma,Smooth,6,Sam Nujoma Rd (Mwenge-Ubungo)
4,"21.9°C, Clear",26.7,0.0,9,2026-08-04 20:38:57.309000+00:00,goba_massana,Moderate,5,Goba Road (Massana to Goba Center)
26,"26.6°C, Clear",7.4,0.0,31,2026-08-03 14:00:40.956000+00:00,tabata_dampo,Heavy Jam,5,Tabata Road (Mandela to Segerea)
1,"23.4°C, Clear",30.0,0.0,4,2026-08-07 19:45:48.637000+00:00,morocco_intersection,Smooth,3,Kawawa Rd (Morocco to Kinondoni)
5,"25.1°C, Clear",18.8,0.0,8,2026-08-07 15:46:51.136000+00:00,changombe_road,Moderate,3,Chang'ombe Road (Temeke)
4,"23.3°C, Clear",12.0,0.0,6,2026-08-08 05:13:55.666000+00:00,fire_upanga,Moderate,2,UN Road (Fire to Upanga)
1,"28.1°C, Clear",30.0,0.0,4,2026-08-09 12:33:31.042000+00:00,sinza_mori,Smooth,3,Sinza Road (Mori to Bamaga)
27,"28.5°C, Clear",7.1,0.0,32,2026-08-07 13:11:27.178000+00:00,tabata_dampo,Heavy Jam,5,Tabata Road (Mandela to Segerea)
2,"29.0°C, Clear",22.5,0.0,4,2026-08-05 10:42:56.409000+00:00,kigogo_roundabout,Smooth,2,Kawawa Rd (Kigogo Choke)
5,"25.5°C, Clear",15.4,0.0,7,2026-08-04 15:39:34.031000+00:00,ubungo,Moderate,2,Morogoro Rd (Ubungo)
2,"27.1°C, Clear",27.0,0.0,4,2026-08-09 07:30:19.412000+00:00,ubungo,Smooth,2,Morogoro Rd (Ubungo)
5,"28.7°C, Clear",22.8,0.0,10,2026-08-09 11:00:38.254000+00:00,tabata_dampo,Moderate,5,Tabata Road (Mandela to Segerea)
3,"25.1°C, Clear",26.2,0.0,8,2026-08-07 15:46:51.499000+00:00,mwai_kibaki,Smooth,5,Mwai Kibaki Rd (Kawe to Mikocheni)
1,"22.7°C, Clear",30.0,0.0,3,2026-08-05 22:41:13.472000+00:00,mwenge,Smooth,2,Bagamoyo Rd (Mwenge)
6,"26.8°C, Clear",12.8,0.0,8,2026-08-07 14:21:48.630000+00:00,tazara,Moderate,2,Nyerere Rd (Tazara)
0,"21.6°C, Clear",42.0,0.0,5,2026-08-08 04:07:02.071000+00:00,mwai_kibaki,Smooth,5,Mwai Kibaki Rd (Kawe to Mikocheni)
5,"26.7°C, Clear",15.4,0.0,7,2026-08-05 15:12:30.827000+00:00,ubungo,Moderate,2,Morogoro Rd (Ubungo)
1,"23.1°C, Clear",36.0,0.0,3,2026-08-05 20:12:52.170000+00:00,ubungo,Smooth,2,Morogoro Rd (Ubungo)
1,"27.8°C, Cloudy",30.0,0.1,3,2026-08-07 08:38:19.985000+00:00,kamata_gerezani,Smooth,2,Kamata / Gerezani (Port Entry)
2,"23.1°C, Clear",21.0,0.0,4,2026-08-03 18:50:31.951000+00:00,selander,Smooth,2,Ali Hassan Mwinyi
1,"21.6°C, Clear",30.0,0.0,3,2026-08-08 04:07:01.469000+00:00,kamata_gerezani,Smooth,2,Kamata / Gerezani (Port Entry)
2,"20.3°C, Clear",30.0,0.0,7,2026-08-09 04:12:13.617000+00:00,kilwa_mbagala,Smooth,5,Kilwa Rd (Mbagala)
40,"28.4°C, Clear",16.9,0.0,64,2026-08-07 13:11:27.358000+00:00,posta_to_gongolamboto,Heavy Jam,24,Mega-Route: Posta to Gongo la Mboto (Nyerere Rd)
1,"23.2°C, Clear",30.0,0.0,3,2026-08-08 05:13:54.651000+00:00,old_bagamoyo,Smooth,2,Old Bagamoyo Rd (Victoria)
1,"26.7°C, Clear",30.0,0.0,3,2026-08-09 14:26:12.465000+00:00,old_bagamoyo,Smooth,2,Old Bagamoyo Rd (Victoria)
4,"23.6°C, Clear",24.0,0.0,8,2026-08-08 17:55:13.250000+00:00,uhuru_street,Moderate,4,Uhuru Street (Ilala)
1,"29.1°C, Clear",30.0,0.0,3,2026-08-05 12:51:15.523000+00:00,kigogo_roundabout,Smooth,2,Kawawa Rd (Kigogo Choke)
10,"28.4°C, Clear",13.7,0.0,14,2026-08-07 13:11:25.406000+00:00,uhuru_street,Heavy Jam,4,Uhuru Street (Ilala)
27,"24.4°C, Clear",7.5,0.0,32,2026-08-07 16:43:45.948000+00:00,goba_massana,Heavy Jam,5,Goba Road (Massana to Goba Center)
3,"24.4°C, Clear",18.0,0.0,5,2026-08-05 16:55:14.531000+00:00,kamata_gerezani,Smooth,2,Kamata / Gerezani (Port Entry)
0,"29.0°C, Clear",45.5,0.0,29,2026-08-05 12:51:15.039000+00:00,posta_to_tegeta,Smooth,29,Mega-Route: Posta to Tegeta (Bagamoyo Rd)
4,"27.2°C, Clear",24.0,0.0,8,2026-08-08 13:39:21.906000+00:00,uhuru_street,Moderate,4,Uhuru Street (Ilala)
2,"28.4°C, Clear",22.5,0.0,4,2026-08-03 11:21:38.396000+00:00,old_bagamoyo,Smooth,2,Old Bagamoyo Rd (Victoria)
2,"24.6°C, Clear",24.0,0.0,5,2026-08-05 16:55:15.190000+00:00,sinza_mori,Smooth,3,Sinza Road (Mori to Bamaga)
6,"28.7°C, Clear",13.3,0.0,9,2026-08-04 13:01:51.490000+00:00,morocco_intersection,Moderate,3,Kawawa Rd (Morocco to Kinondoni)
0,"23.1°C, Clear",42.0,0.0,6,2026-08-05 20:12:51.849000+00:00,sam_nujoma,Smooth,6,Sam Nujoma Rd (Mwenge-Ubungo)
3,"26.2°C, Clear",18.0,0.0,5,2026-08-06 15:12:21.356000+00:00,old_bagamoyo,Smooth,2,Old Bagamoyo Rd (Victoria)
7,"26.6°C, Clear",17.5,0.0,12,2026-08-07 14:21:49.196000+00:00,kilwa_mbagala,Moderate,5,Kilwa Rd (Mbagala)
2,"23.1°C, Clear",22.5,0.0,4,2026-08-09 05:29:07.657000+00:00,mwenge,Smooth,2,Bagamoyo Rd (Mwenge)
11,"24.6°C, Clear",14.8,0.0,17,2026-08-07 05:59:54.281000+00:00,sam_nujoma,Heavy Jam,6,Sam Nujoma Rd (Mwenge-Ubungo)
5,"24.5°C, Cloudy",24.0,0.1,10,2026-08-08 10:01:40.965000+00:00,goba_massana,Moderate,5,Goba Road (Massana to Goba Center)
1,"25.2°C, Clear",30.0,0.0,3,2026-08-08 15:24:25.206000+00:00,kigogo_roundabout,Smooth,2,Kawawa Rd (Kigogo Choke)
1,"22.8°C, Clear",30.0,0.0,3,2026-08-05 21:36:59.911000+00:00,old_bagamoyo,Smooth,2,Old Bagamoyo Rd (Victoria)
0,"27.9°C, Clear",45.5,0.0,29,2026-08-08 10:58:51.452000+00:00,posta_to_tegeta,Smooth,29,Mega-Route: Posta to Tegeta (Bagamoyo Rd)
1,"27.3°C, Clear",30.0,0.0,3,2026-08-03 07:51:24.849000+00:00,kamata_gerezani,Smooth,2,Kamata / Gerezani (Port Entry)
6,"29.0°C, Clear",16.7,0.0,9,2026-08-05 12:51:14.276000+00:00,mandela_buguruni,Moderate,3,Mandela Rd (Port Link)
5,"27.1°C, Clear",22.8,0.0,10,2026-08-09 07:30:20.038000+00:00,tabata_dampo,Moderate,5,Tabata Road (Mandela to Segerea)
3,"27.3°C, Clear",20.4,0.0,5,2026-08-04 07:57:07.662000+00:00,tazara,Smooth,2,Nyerere Rd (Tazara)
2,"26.9°C, Clear",30.0,0.0,7,2026-08-04 07:57:08.342000+00:00,kilwa_mbagala,Smooth,5,Kilwa Rd (Mbagala)
2,"21.3°C, Clear",30.0,0.0,5,2026-08-03 04:15:33.165000+00:00,changombe_road,Smooth,3,Chang'ombe Road (Temeke)
0,"27.5°C, Clear",42.0,0.0,5,2026-08-05 07:58:13.404000+00:00,mwai_kibaki,Smooth,5,Mwai Kibaki Rd (Kawe to Mikocheni)
2,"28.1°C, Cloudy",30.0,0.1,5,2026-08-09 09:09:31.533000+00:00,changombe_road,Smooth,3,Chang'ombe Road (Temeke)
0,"23.9°C, Clear",42.0,0.0,6,2026-08-07 17:41:56+00:00,sam_nujoma,Smooth,6,Sam Nujoma Rd (Mwenge-Ubungo)
4,"26.6°C, Clear",25.2,0.0,10,2026-08-03 14:00:39.632000+00:00,sam_nujoma,Moderate,6,Sam Nujoma Rd (Mwenge-Ubungo)
0,"23.1°C, Clear",40.0,0.0,3,2026-08-03 18:50:33.754000+00:00,sinza_mori,Smooth,3,Sinza Road (Mori to Bamaga)
3,"26.7°C, Clear",27.4,0.0,7,2026-08-03 07:20:34.212000+00:00,uhuru_street,Smooth,4,Uhuru Street (Ilala-Town)
2,"26.3°C, Clear",22.5,0.0,4,2026-08-06 06:44:18.312000+00:00,kigogo_roundabout,Smooth,2,Kawawa Rd (Kigogo Choke)
1,"23.4°C, Clear",30.0,0.0,3,2026-08-07 19:45:47.070000+00:00,mwenge,Smooth,2,Bagamoyo Rd (Mwenge)
2,"27.7°C, Clear",30.0,0.0,7,2026-08-09 13:42:42.545000+00:00,kilwa_mbagala,Smooth,5,Kilwa Rd (Mbagala)
0,"28.3°C, Clear",42.0,0.0,5,2026-08-06 12:55:07.123000+00:00,mwai_kibaki,Smooth,5,Mwai Kibaki Rd (Kawe to Mikocheni)
0,"21.0°C, Clear",47.7,,22,2026-08-03 02:51:22.842000+00:00,posta_to_kimara,Smooth,23,Mega-Route: Posta to Kimara (Morogoro Rd)
5,"24.4°C, Clear",22.8,0.0,10,2026-08-08 16:13:10.640000+00:00,tabata_dampo,Moderate,5,Tabata Road (Mandela to Segerea)
2,"25.8°C, Clear",27.0,0.0,4,2026-08-08 14:56:40.694000+00:00,ubungo,Smooth,2,Morogoro Rd (Ubungo)
2,"26.9°C, Clear",21.0,0.0,4,2026-08-08 13:39:21.002000+00:00,selander,Smooth,2,Ali Hassan Mwinyi
1,"28.5°C, Cloudy",35.0,0.1,6,2026-08-05 09:25:30.987000+00:00,mwai_kibaki,Smooth,5,Mwai Kibaki Rd (Kawe to Mikocheni)
3,"28.4°C, Clear",18.0,0.0,5,2026-08-07 13:11:27.177000+00:00,kamata_gerezani,Smooth,2,Kamata / Gerezani (Port Entry)
2,"25.2°C, Clear",30.0,0.0,7,2026-08-03 06:25:30.117000+00:00,mwai_kibaki,Smooth,5,Mwai Kibaki Rd (Kawe to Mikocheni)
2,"26.5°C, Clear",22.0,0.0,3,2026-08-03 07:20:34.761000+00:00,kariakoo,Smooth,1,Kariakoo Market Grid
0,"23.8°C, Clear",42.0,0.0,5,2026-08-08 17:00:50.361000+00:00,mwai_kibaki,Smooth,5,Mwai Kibaki Rd (Kawe to Mikocheni)
58,"28.5°C, Clear",15.2,0.0,87,2026-08-04 13:01:51.472000+00:00,posta_to_tegeta,Heavy Jam,29,Mega-Route: Posta to Tegeta (Bagamoyo Rd)
5,"23.1°C, Rainy",37.5,0.7,28,2026-08-08 09:08:50.660000+00:00,posta_to_kimara,Moderate,23,Mega-Route: Posta to Kimara (Morogoro Rd)
0,"23.7°C, Clear",45.5,0.0,29,2026-08-07 18:42:42.305000+00:00,posta_to_tegeta,Smooth,29,Mega-Route: Posta to Tegeta (Bagamoyo Rd)
2,"26.9°C, Clear",27.0,0.0,4,2026-08-07 07:36:41.026000+00:00,ubungo,Smooth,2,Morogoro Rd (Ubungo)
2,"26.8°C, Clear",30.0,0.0,5,2026-08-07 07:36:41.392000+00:00,changombe_road,Smooth,3,Chang'ombe Road (Temeke)
0,"24.7°C, Clear",42.0,0.0,5,2026-08-08 15:54:44.246000+00:00,mwai_kibaki,Smooth,5,Mwai Kibaki Rd (Kawe to Mikocheni)
2,"27.9°C, Clear",24.0,0.0,5,2026-08-08 11:55:16.839000+00:00,morocco_intersection,Smooth,3,Kawawa Rd (Morocco to Kinondoni)
5,"23.3°C, Clear",22.8,0.0,10,2026-08-08 18:24:52.804000+00:00,tabata_dampo,Moderate,5,Tabata Road (Mandela to Segerea)
5,"24.6°C, Clear",12.0,0.0,7,2026-08-05 16:55:14.219000+00:00,selander,Moderate,2,Ali Hassan Mwinyi
0,"21.0°C, Clear",54.0,,20,2026-08-03 02:51:21.156000+00:00,posta_to_gongolamboto,Smooth,24,Mega-Route: Posta to Gongo la Mboto (Nyerere Rd)
1,"23.5°C, Clear",30.0,0.0,3,2026-08-08 17:55:13.935000+00:00,kigogo_roundabout,Smooth,2,Kawawa Rd (Kigogo Choke)
0,"24.0°C, Clear",45.0,0.0,24,2026-08-07 17:41:57.255000+00:00,posta_to_gongolamboto,Smooth,24,Mega-Route: Posta to Gongo la Mboto (Nyerere Rd)
5,"26.8°C, Clear",15.4,0.0,7,2026-08-07 14:21:49.180000+00:00,ubungo,Moderate,2,Morogoro Rd (Ubungo)
10,"25.2°C, Clear",16.0,0.0,15,2026-08-03 06:16:12.172000+00:00,goba_massana,Heavy Jam,5,Goba Road (Massana to Goba Center)
6,"29.1°C, Clear",16.7,0.0,9,2026-08-09 11:00:37.831000+00:00,mandela_buguruni,Moderate,3,Mandela Rd (Port Link)
0,"24.8°C, Clear",45.7,0.0,23,2026-08-08 15:54:43.631000+00:00,posta_to_kimara,Smooth,23,Mega-Route: Posta to Kimara (Morogoro Rd)
2,"23.0°C, Rainy",30.0,0.6,7,2026-08-08 09:08:51.097000+00:00,mwai_kibaki,Smooth,5,Mwai Kibaki Rd (Kawe to Mikocheni)
2,"21.6°C, Clear",24.0,0.0,5,2026-08-08 04:07:01.698000+00:00,morocco_intersection,Smooth,3,Kawawa Rd (Morocco to Kinondoni)
0,"24.4°C, Clear",42.0,0.0,6,2026-08-08 16:13:10.051000+00:00,sam_nujoma,Smooth,6,Sam Nujoma Rd (Mwenge-Ubungo)
6,"26.0°C, Clear",16.7,0.0,9,2026-08-04 15:06:57.587000+00:00,changombe_road,Moderate,3,Chang'ombe Road (Temeke)
0,"21.6°C, Clear",45.0,0.0,24,2026-08-08 04:07:01.468000+00:00,posta_to_gongolamboto,Smooth,24,Mega-Route: Posta to Gongo la Mboto (Nyerere Rd)
2,"24.1°C, Clear",30.0,0.0,7,2026-08-08 16:13:09.700000+00:00,kilwa_mbagala,Smooth,5,Kilwa Rd (Mbagala)
11,"25.2°C, Clear",10.7,0.0,14,2026-08-03 06:16:11.134000+00:00,mandela_buguruni,Heavy Jam,3,Mandela Rd (Port Link)
5,"23.7°C, Clear",18.8,0.0,8,2026-08-06 05:16:23.837000+00:00,changombe_road,Moderate,3,Chang'ombe Road (Temeke)
3,"26.2°C, Clear",18.0,0.0,5,2026-08-06 15:12:22.950000+00:00,kamata_gerezani,Smooth,2,Kamata / Gerezani (Port Entry)
2,"29.0°C, Clear",30.0,0.0,7,2026-08-09 11:53:55.815000+00:00,kilwa_mbagala,Smooth,5,Kilwa Rd (Mbagala)
49,"25.2°C, Clear",14.6,0.0,72,2026-08-04 15:39:35.105000+00:00,posta_to_kimara,Heavy Jam,23,Mega-Route: Posta to Kimara (Morogoro Rd)
2,"23.1°C, Clear",30.0,0.0,5,2026-08-09 05:29:08.069000+00:00,changombe_road,Smooth,3,Chang'ombe Road (Temeke)
2,"26.7°C, Clear",21.0,0.0,4,2026-08-09 14:26:13.161000+00:00,selander,Smooth,2,Ali Hassan Mwinyi
4,"25.4°C, Clear",24.0,0.0,8,2026-08-08 15:24:24.727000+00:00,uhuru_street,Moderate,4,Uhuru Street (Ilala)
8,"24.4°C, Clear",7.2,0.0,10,2026-08-05 16:55:15.101000+00:00,fire_upanga,Heavy Jam,2,UN Road (Fire to Upanga)
8,"28.3°C, Clear",17.5,0.0,13,2026-08-07 09:21:18.529000+00:00,tabata_dampo,Heavy Jam,5,Tabata Road (Mandela to Segerea)
4,"28.5°C, Clear",24.0,0.0,8,2026-08-08 11:55:16.371000+00:00,uhuru_street,Moderate,4,Uhuru Street (Ilala)
2,"23.4°C, Clear",25.5,0.0,4,2026-08-07 19:45:47.351000+00:00,tazara,Smooth,2,Nyerere Rd (Tazara)
0,"28.3°C, Clear",45.0,0.0,24,2026-08-06 07:57:43.169000+00:00,posta_to_gongolamboto,Smooth,24,Mega-Route: Posta to Gongo la Mboto (Nyerere Rd)
6,"21.6°C, Clear",16.7,0.0,9,2026-08-08 04:06:59.722000+00:00,mandela_buguruni,Moderate,3,Mandela Rd (Port Link)
2,"28.4°C, Clear",30.0,0.0,7,2026-08-03 11:21:39.354000+00:00,mwai_kibaki,Smooth,5,Mwai Kibaki Rd (Kawe to Mikocheni)
0,"26.7°C, Clear",42.0,0.0,6,2026-08-09 14:26:12.884000+00:00,sam_nujoma,Smooth,6,Sam Nujoma Rd (Mwenge-Ubungo)
8,"23.1°C, Rainy",35.7,0.7,37,2026-08-08 09:08:50.367000+00:00,posta_to_tegeta,Heavy Jam,29,Mega-Route: Posta to Tegeta (Bagamoyo Rd)
1,"23.9°C, Clear",30.0,0.0,3,2026-08-07 17:41:56.877000+00:00,old_bagamoyo,Smooth,2,Old Bagamoyo Rd (Victoria)
0,"27.7°C, Clear",42.0,0.0,5,2026-08-09 08:09:46.037000+00:00,mwai_kibaki,Smooth,5,Mwai Kibaki Rd (Kawe to Mikocheni)
8,"29.2°C, Cloudy",17.5,0.1,13,2026-08-07 11:14:31.686000+00:00,tabata_dampo,Heavy Jam,5,Tabata Road (Mandela to Segerea)
3,"21.6°C, Clear",28.5,0.0,8,2026-08-07 00:40:19.880000+00:00,tabata_dampo,Smooth,5,Tabata Road (Mandela to Segerea)
27,"24.6°C, Clear",7.1,0.0,32,2026-08-05 16:55:14.671000+00:00,tabata_dampo,Heavy Jam,5,Tabata Road (Mandela to Segerea)
3,"23.7°C, Clear",18.0,0.0,5,2026-08-03 16:43:10.234000+00:00,old_bagamoyo,Smooth,2,Old Bagamoyo Rd (Victoria)
2,"21.9°C, Clear",25.5,0.0,4,2026-08-04 20:38:54.955000+00:00,tazara,Smooth,2,Nyerere Rd (Tazara)
3,"29.2°C, Cloudy",18.0,0.1,5,2026-08-07 11:14:30.790000+00:00,mwenge,Smooth,2,Bagamoyo Rd (Mwenge)
5,"26.3°C, Clear",12.9,0.0,7,2026-08-04 15:06:56.509000+00:00,mwenge,Moderate,2,Bagamoyo Rd (Mwenge)
1,"28.0°C, Clear",30.0,0.0,3,2026-08-06 07:57:42.914000+00:00,old_bagamoyo,Smooth,2,Old Bagamoyo Rd (Victoria)
0,"24.9°C, Clear",45.0,0.0,24,2026-08-09 06:08:49.126000+00:00,posta_to_gongolamboto,Smooth,24,Mega-Route: Posta to Gongo la Mboto (Nyerere Rd)
6,"28.7°C, Clear",36.2,0.0,29,2026-08-05 09:25:30.449000+00:00,posta_to_kimara,Moderate,23,Mega-Route: Posta to Kimara (Morogoro Rd)
1,"27.4°C, Clear",30.0,0.0,4,2026-08-09 13:42:43.911000+00:00,sinza_mori,Smooth,3,Sinza Road (Mori to Bamaga)
0,"28.6°C, Clear",42.0,0.0,5,2026-08-09 11:53:57.446000+00:00,mwai_kibaki,Smooth,5,Mwai Kibaki Rd (Kawe to Mikocheni)
3,"26.3°C, Clear",26.2,0.0,8,2026-08-06 06:44:18.509000+00:00,mwai_kibaki,Smooth,5,Mwai Kibaki Rd (Kawe to Mikocheni)
28,"26.6°C, Clear",7.3,0.0,33,2026-08-03 14:00:41.663000+00:00,goba_massana,Heavy Jam,5,Goba Road (Massana to Goba Center)
0,"26.0°C, Clear",45.5,0.0,29,2026-08-08 14:56:40.986000+00:00,posta_to_tegeta,Smooth,29,Mega-Route: Posta to Tegeta (Bagamoyo Rd)
14,"25.2°C, Clear",11.1,0.0,19,2026-08-03 06:16:10.858000+00:00,kilwa_mbagala,Heavy Jam,5,Kilwa Rd (Mbagala)
2,"28.3°C, Rainy",41.5,0.1,26,2026-08-05 08:38:47.728000+00:00,posta_to_gongolamboto,Smooth,24,Mega-Route: Posta to Gongo la Mboto (Nyerere Rd)
12,"25.2°C, Clear",30.0,0.0,35,2026-08-03 06:16:11.381000+00:00,posta_to_kimara,Heavy Jam,23,Mega-Route: Posta to Kimara (Morogoro Rd)
2,"27.9°C, Clear",27.0,0.0,4,2026-08-07 08:50:33.930000+00:00,ubungo,Smooth,2,Morogoro Rd (Ubungo)
0,"21.9°C, Clear",45.0,0.0,24,2026-08-04 20:38:56.445000+00:00,posta_to_gongolamboto,Smooth,24,Mega-Route: Posta to Gongo la Mboto (Nyerere Rd)
10,"22.6°C, Clear",33.8,0.0,39,2026-08-04 05:14:44.460000+00:00,posta_to_tegeta,Heavy Jam,29,Mega-Route: Posta to Tegeta (Bagamoyo Rd)
4,"24.8°C, Clear",12.0,0.0,6,2026-08-08 15:54:44.221000+00:00,fire_upanga,Moderate,2,UN Road (Fire to Upanga)
3,"25.5°C, Clear",26.2,0.0,8,2026-08-04 15:39:35.614000+00:00,mwai_kibaki,Smooth,5,Mwai Kibaki Rd (Kawe to Mikocheni)
7,"23.7°C, Clear",17.5,0.0,11,2026-08-03 05:40:04.905000+00:00,uhuru_street,Moderate,4,Uhuru Street (Ilala-Town)
26,"26.2°C, Clear",5.2,0.0,29,2026-08-06 15:12:22.664000+00:00,mandela_buguruni,Heavy Jam,3,Mandela Rd (Port Link)
0,"27.2°C, Clear",45.0,0.0,24,2026-08-08 13:39:22.280000+00:00,posta_to_gongolamboto,Smooth,24,Mega-Route: Posta to Gongo la Mboto (Nyerere Rd)
1,"21.0°C, Clear",30.0,0.0,3,2026-08-09 04:12:14.087000+00:00,kigogo_roundabout,Smooth,2,Kawawa Rd (Kigogo Choke)
1,"23.4°C, Clear",28.0,0.0,3,2026-08-07 19:45:47.885000+00:00,selander,Smooth,2,Ali Hassan Mwinyi
8,"28.2°C, Cloudy",18.5,0.1,13,2026-08-05 09:25:31.361000+00:00,goba_massana,Heavy Jam,5,Goba Road (Massana to Goba Center)
5,"26.2°C, Clear",12.9,0.0,7,2026-08-07 14:46:45.407000+00:00,mwenge,Moderate,2,Bagamoyo Rd (Mwenge)
28,"26.0°C, Clear",4.8,0.0,31,2026-08-04 15:06:56.513000+00:00,mandela_buguruni,Heavy Jam,3,Mandela Rd (Port Link)
4,"25.1°C, Clear",25.2,0.0,10,2026-08-07 15:46:50.613000+00:00,sam_nujoma,Moderate,6,Sam Nujoma Rd (Mwenge-Ubungo)
4,"26.0°C, Clear",12.0,0.0,6,2026-08-08 14:56:43.025000+00:00,fire_upanga,Moderate,2,UN Road (Fire to Upanga)
10,"22.6°C, Clear",7.0,0.0,12,2026-08-04 05:14:43.811000+00:00,selander,Heavy Jam,2,Ali Hassan Mwinyi
0,"26.9°C, Clear",42.0,0.0,6,2026-08-07 07:36:40.285000+00:00,sam_nujoma,Smooth,6,Sam Nujoma Rd (Mwenge-Ubungo)
0,"28.4°C, Clear",45.0,0.0,24,2026-08-09 12:33:30.875000+00:00,posta_to_gongolamboto,Smooth,24,Mega-Route: Posta to Gongo la Mboto (Nyerere Rd)
27,"24.5°C, Clear",7.1,0.0,32,2026-08-07 16:43:45.348000+00:00,tabata_dampo,Heavy Jam,5,Tabata Road (Mandela to Segerea)
0,"25.3°C, Clear",45.7,0.0,23,2026-08-08 06:03:54.860000+00:00,posta_to_kimara,Smooth,23,Mega-Route: Posta to Kimara (Morogoro Rd)
3,"28.4°C, Clear",18.0,0.0,5,2026-08-03 11:21:38.429000+00:00,mwenge,Smooth,2,Bagamoyo Rd (Mwenge)
2,"22.0°C, Clear",25.5,0.0,4,2026-08-03 21:46:37.529000+00:00,tazara,Smooth,2,Nyerere Rd (Tazara)
2,"27.0°C, Clear",30.0,0.0,7,2026-08-07 07:58:56.873000+00:00,kilwa_mbagala,Smooth,5,Kilwa Rd (Mbagala)
2,"27.6°C, Clear",30.0,0.0,5,2026-08-06 07:19:01.299000+00:00,changombe_road,Smooth,3,Chang'ombe Road (Temeke)
8,"26.8°C, Clear",7.2,0.0,10,2026-08-07 14:21:50.192000+00:00,fire_upanga,Heavy Jam,2,UN Road (Fire to Upanga)
10,"26.7°C, Clear",31.8,0.0,33,2026-08-06 06:44:18.083000+00:00,posta_to_kimara,Heavy Jam,23,Mega-Route: Posta to Kimara (Morogoro Rd)
4,"27.7°C, Clear",24.0,0.0,8,2026-08-09 13:42:43.242000+00:00,uhuru_street,Moderate,4,Uhuru Street (Ilala)
5,"25.1°C, Clear",12.9,0.0,7,2026-08-07 15:46:50.265000+00:00,mwenge,Moderate,2,Bagamoyo Rd (Mwenge)
5,"27.4°C, Cloudy",15.0,0.1,8,2026-08-07 13:46:53.465000+00:00,morocco_intersection,Moderate,3,Kawawa Rd (Morocco to Kinondoni)
2,"27.3°C, Clear",30.0,0.0,7,2026-08-05 07:58:12.736000+00:00,kilwa_mbagala,Smooth,5,Kilwa Rd (Mbagala)
2,"27.0°C, Clear",30.0,0.0,5,2026-08-08 08:06:36.227000+00:00,changombe_road,Smooth,3,Chang'ombe Road (Temeke)
1,"27.0°C, Cloudy",30.0,0.1,4,2026-08-08 08:06:36.509000+00:00,sinza_mori,Smooth,3,Sinza Road (Mori to Bamaga)
3,"28.7°C, Clear",26.2,0.0,8,2026-08-04 13:01:51.750000+00:00,mwai_kibaki,Smooth,5,Mwai Kibaki Rd (Kawe to Mikocheni)
0,"24.8°C, Clear",45.0,0.0,24,2026-08-08 15:54:43.671000+00:00,posta_to_gongolamboto,Smooth,24,Mega-Route: Posta to Gongo la Mboto (Nyerere Rd)
6,"29.4°C, Clear",9.0,0.0,8,2026-08-04 10:42:41.657000+00:00,fire_upanga,Moderate,2,UN Road (Fire to Upanga)
2,"22.5°C, Clear",25.5,0.0,4,2026-08-04 19:00:30.387000+00:00,tazara,Smooth,2,Nyerere Rd (Tazara)
1,"27.1°C, Clear",30.0,0.0,3,2026-08-09 07:30:20.138000+00:00,kigogo_roundabout,Smooth,2,Kawawa Rd (Kigogo Choke)
5,"23.7°C, Clear",12.0,0.0,7,2026-08-03 16:43:10.094000+00:00,selander,Moderate,2,Ali Hassan Mwinyi
0,"23.4°C, Clear",45.5,0.0,29,2026-08-08 18:24:51.613000+00:00,posta_to_tegeta,Smooth,29,Mega-Route: Posta to Tegeta (Bagamoyo Rd)
0,"21.3°C, Clear",54.0,0.0,20,2026-08-03 04:15:30.226000+00:00,posta_to_gongolamboto,Smooth,24,Mega-Route: Posta to Gongo la Mboto (Nyerere Rd)
4,"27.4°C, Cloudy",17.1,0.1,7,2026-08-07 13:46:53.731000+00:00,sinza_mori,Moderate,3,Sinza Road (Mori to Bamaga)
9,"25.2°C, Clear",6.5,0.0,11,2026-08-04 15:39:35.622000+00:00,fire_upanga,Heavy Jam,2,UN Road (Fire to Upanga)
2,"24.2°C, Clear",22.5,0.0,4,2026-08-08 16:22:38.256000+00:00,mwenge,Smooth,2,Bagamoyo Rd (Mwenge)
5,"22.5°C, Clear",37.2,0.0,29,2026-08-05 05:14:31.718000+00:00,posta_to_gongolamboto,Moderate,24,Mega-Route: Posta to Gongo la Mboto (Nyerere Rd)
3,"28.3°C, Clear",21.6,0.0,5,2026-08-07 09:21:18.110000+00:00,ubungo,Smooth,2,Morogoro Rd (Ubungo)
1,"23.1°C, Clear",30.0,0.0,4,2026-08-09 05:29:08.785000+00:00,sinza_mori,Smooth,3,Sinza Road (Mori to Bamaga)
3,"29.4°C, Clear",25.0,0.0,6,2026-08-04 10:42:41.350000+00:00,changombe_road,Smooth,3,Chang'ombe Road (Temeke)
0,"24.3°C, Clear",45.0,0.0,24,2026-08-08 16:22:38.678000+00:00,posta_to_gongolamboto,Smooth,24,Mega-Route: Posta to Gongo la Mboto (Nyerere Rd)
4,"28.3°C, Clear",12.0,0.0,6,2026-08-06 07:57:43.637000+00:00,fire_upanga,Moderate,2,UN Road (Fire to Upanga)
2,"23.2°C, Clear",27.0,0.0,4,2026-08-08 05:13:54.946000+00:00,ubungo,Smooth,2,Morogoro Rd (Ubungo)
3,"28.3°C, Cloudy",18.0,0.1,5,2026-08-05 09:04:48.970000+00:00,mwenge,Smooth,2,Bagamoyo Rd (Mwenge)
0,"21.6°C, Clear",42.0,0.0,5,2026-08-07 00:40:20.299000+00:00,mwai_kibaki,Smooth,5,Mwai Kibaki Rd (Kawe to Mikocheni)
2,"23.7°C, Clear",22.5,0.0,4,2026-08-03 05:40:08.895000+00:00,kamata_gerezani,Smooth,2,Kamata / Gerezani (Port Entry)
1,"21.4°C, Clear",35.0,0.0,6,2026-08-04 19:00:31.779000+00:00,kilwa_mbagala,Smooth,5,Kilwa Rd (Mbagala)
27,"27.4°C, Cloudy",7.1,0.1,32,2026-08-07 13:46:53.378000+00:00,tabata_dampo,Heavy Jam,5,Tabata Road (Mandela to Segerea)
0,"22.5°C, Clear",45.0,0.0,24,2026-08-04 19:00:32.143000+00:00,posta_to_gongolamboto,Smooth,24,Mega-Route: Posta to Gongo la Mboto (Nyerere Rd)
3,"26.5°C, Clear",18.0,0.0,5,2026-08-05 15:12:31.426000+00:00,kamata_gerezani,Smooth,2,Kamata / Gerezani (Port Entry)
2,"27.9°C, Clear",27.0,0.0,4,2026-08-09 09:09:30.839000+00:00,ubungo,Smooth,2,Morogoro Rd (Ubungo)
1,"27.7°C, Clear",30.0,0.0,3,2026-08-07 08:38:20.236000+00:00,kigogo_roundabout,Smooth,2,Kawawa Rd (Kigogo Choke)
1,"26.9°C, Clear",30.0,0.0,3,2026-08-07 07:36:41.500000+00:00,kigogo_roundabout,Smooth,2,Kawawa Rd (Kigogo Choke)
6,"20.8°C, Clear",16.7,0.0,9,2026-08-09 04:12:12.729000+00:00,mandela_buguruni,Moderate,3,Mandela Rd (Port Link)
4,"26.2°C, Clear",25.2,0.0,10,2026-08-06 15:12:22.235000+00:00,sam_nujoma,Moderate,6,Sam Nujoma Rd (Mwenge-Ubungo)
2,"28.7°C, Clear",24.0,0.0,5,2026-08-04 13:01:51.998000+00:00,sinza_mori,Smooth,3,Sinza Road (Mori to Bamaga)
1,"21.0°C, Clear",30.0,,3,2026-08-03 02:51:20.560000+00:00,old_bagamoyo,Smooth,2,Old Bagamoyo Rd (Victoria)
3,"24.5°C, Clear",18.0,0.0,5,2026-08-07 16:43:45.516000+00:00,kigogo_roundabout,Smooth,2,Kawawa Rd (Kigogo Choke)
2,"28.5°C, Clear",22.5,0.0,4,2026-08-03 11:21:38.794000+00:00,kamata_gerezani,Smooth,2,Kamata / Gerezani (Port Entry)
3,"22.6°C, Clear",28.5,0.0,8,2026-08-04 19:00:32.089000+00:00,tabata_dampo,Smooth,5,Tabata Road (Mandela to Segerea)
3,"26.0°C, Clear",18.0,0.0,5,2026-08-04 15:06:57.575000+00:00,kamata_gerezani,Smooth,2,Kamata / Gerezani (Port Entry)
5,"27.4°C, Clear",24.0,0.0,10,2026-08-05 07:58:13.981000+00:00,goba_massana,Moderate,5,Goba Road (Massana to Goba Center)
10,"25.2°C, Clear",7.5,0.0,12,2026-08-03 06:16:11.124000+00:00,mwenge,Heavy Jam,2,Bagamoyo Rd (Mwenge)
1,"28.3°C, Cloudy",35.0,0.1,6,2026-08-05 09:04:49.636000+00:00,mwai_kibaki,Smooth,5,Mwai Kibaki Rd (Kawe to Mikocheni)
5,"28.5°C, Clear",12.9,0.0,7,2026-08-07 13:11:26.824000+00:00,mwenge,Moderate,2,Bagamoyo Rd (Mwenge)
1,"23.7°C, Clear",30.0,0.0,3,2026-08-07 18:42:41.554000+00:00,old_bagamoyo,Smooth,2,Old Bagamoyo Rd (Victoria)
2,"26.4°C, Clear",22.5,0.0,4,2026-08-08 14:24:24.847000+00:00,mwenge,Smooth,2,Bagamoyo Rd (Mwenge)
10,"21.4°C, Clear",15.2,0.0,15,2026-08-07 04:25:09.815000+00:00,tabata_dampo,Heavy Jam,5,Tabata Road (Mandela to Segerea)
2,"26.5°C, Clear",30.0,0.0,7,2026-08-03 07:20:34.669000+00:00,kilwa_mbagala,Smooth,5,Kilwa Rd (Mbagala)
10,"21.4°C, Clear",16.0,0.0,15,2026-08-07 04:25:10.780000+00:00,goba_massana,Heavy Jam,5,Goba Road (Massana to Goba Center)
3,"28.5°C, Clear",20.4,0.0,5,2026-08-08 11:55:16.335000+00:00,tazara,Smooth,2,Nyerere Rd (Tazara)
9,"23.6°C, Clear",8.2,0.0,11,2026-08-06 05:16:22.737000+00:00,mwenge,Heavy Jam,2,Bagamoyo Rd (Mwenge)
2,"25.0°C, Clear",30.0,0.0,7,2026-08-08 15:24:24.473000+00:00,kilwa_mbagala,Smooth,5,Kilwa Rd (Mbagala)
0,"29.0°C, Clear",45.0,0.0,24,2026-08-07 12:06:20.620000+00:00,posta_to_gongolamboto,Smooth,24,Mega-Route: Posta to Gongo la Mboto (Nyerere Rd)
0,"21.3°C, Clear",47.1,0.0,28,2026-08-03 04:15:26.782000+00:00,posta_to_tegeta,Smooth,29,Mega-Route: Posta to Tegeta (Bagamoyo Rd)
63,"26.5°C, Clear",14.3,0.0,92,2026-08-03 14:00:40.809000+00:00,posta_to_tegeta,Heavy Jam,29,Mega-Route: Posta to Tegeta (Bagamoyo Rd)
3,"26.8°C, Clear",20.4,0.0,5,2026-08-07 07:36:40.294000+00:00,tazara,Smooth,2,Nyerere Rd (Tazara)
2,"26.7°C, Clear",24.0,0.0,5,2026-08-05 15:12:31.866000+00:00,sinza_mori,Smooth,3,Sinza Road (Mori to Bamaga)
6,"29.4°C, Clear",9.0,0.0,8,2026-08-05 10:42:56.688000+00:00,fire_upanga,Moderate,2,UN Road (Fire to Upanga)
2,"22.6°C, Clear",25.5,0.0,4,2026-08-05 21:36:59.930000+00:00,tazara,Smooth,2,Nyerere Rd (Tazara)
5,"21.0°C, Clear",22.8,0.0,10,2026-08-09 04:12:13.970000+00:00,tabata_dampo,Moderate,5,Tabata Road (Mandela to Segerea)
6,"28.6°C, Cloudy",9.0,0.1,8,2026-08-05 09:04:49.637000+00:00,fire_upanga,Moderate,2,UN Road (Fire to Upanga)
2,"23.3°C, Clear",24.0,0.0,5,2026-08-08 18:24:52.806000+00:00,morocco_intersection,Smooth,3,Kawawa Rd (Morocco to Kinondoni)
11,"22.6°C, Clear",7.8,0.0,13,2026-08-04 05:14:43.723000+00:00,tazara,Heavy Jam,2,Nyerere Rd (Tazara)
2,"27.7°C, Clear",27.0,0.0,4,2026-08-09 08:09:44.271000+00:00,ubungo,Smooth,2,Morogoro Rd (Ubungo)
2,"28.3°C, Cloudy",31.5,0.1,8,2026-08-05 09:04:48.266000+00:00,sam_nujoma,Smooth,6,Sam Nujoma Rd (Mwenge-Ubungo)
2,"21.9°C, Clear",32.0,0.0,6,2026-08-04 20:38:55.703000+00:00,uhuru_street,Smooth,4,Uhuru Street (Ilala-Town)
5,"28.7°C, Clear",12.0,0.0,7,2026-08-05 13:15:45.528000+00:00,selander,Moderate,2,Ali Hassan Mwinyi
1,"21.6°C, Clear",30.0,0.0,3,2026-08-08 04:07:01.751000+00:00,kigogo_roundabout,Smooth,2,Kawawa Rd (Kigogo Choke)
0,"28.9°C, Clear",45.5,0.0,29,2026-08-09 11:53:56.667000+00:00,posta_to_tegeta,Smooth,29,Mega-Route: Posta to Tegeta (Bagamoyo Rd)
27,"24.7°C, Clear",7.5,0.0,32,2026-08-05 16:55:15.442000+00:00,goba_massana,Heavy Jam,5,Goba Road (Massana to Goba Center)
4,"29.1°C, Clear",12.0,0.0,6,2026-08-09 11:00:38.674000+00:00,fire_upanga,Moderate,2,UN Road (Fire to Upanga)
1,"28.5°C, Clear",30.0,0.0,3,2026-08-08 11:55:16.728000+00:00,kamata_gerezani,Smooth,2,Kamata / Gerezani (Port Entry)
5,"23.7°C, Clear",24.0,0.0,10,2026-08-07 18:42:43.924000+00:00,goba_massana,Moderate,5,Goba Road (Massana to Goba Center)
1,"22.6°C, Clear",28.0,0.0,3,2026-08-04 19:00:30.388000+00:00,selander,Smooth,2,Ali Hassan Mwinyi
8,"26.5°C, Clear",16.0,0.0,12,2026-08-05 15:12:30.384000+00:00,uhuru_street,Heavy Jam,4,Uhuru Street (Ilala)
2,"27.7°C, Clear",24.0,0.0,5,2026-08-07 08:38:20.200000+00:00,morocco_intersection,Smooth,3,Kawawa Rd (Morocco to Kinondoni)
2,"28.3°C, Clear",27.0,0.0,4,2026-08-06 12:55:05.005000+00:00,ubungo,Smooth,2,Morogoro Rd (Ubungo)
4,"24.3°C, Clear",12.0,0.0,6,2026-08-08 16:22:38.919000+00:00,fire_upanga,Moderate,2,UN Road (Fire to Upanga)
3,"22.4°C, Clear",18.0,0.0,5,2026-08-05 05:14:32.100000+00:00,kigogo_roundabout,Smooth,2,Kawawa Rd (Kigogo Choke)
7,"21.3°C, Clear",8.0,0.0,9,2026-08-07 04:25:09.947000+00:00,fire_upanga,Moderate,2,UN Road (Fire to Upanga)
2,"24.7°C, Clear",24.0,0.0,5,2026-08-09 06:08:49.281000+00:00,morocco_intersection,Smooth,3,Kawawa Rd (Morocco to Kinondoni)
0,"27.3°C, Clear",40.0,0.0,3,2026-08-04 07:57:09.632000+00:00,sinza_mori,Smooth,3,Sinza Road (Mori to Bamaga)
11,"22.6°C, Clear",14.2,0.0,16,2026-08-04 05:14:44.609000+00:00,tabata_dampo,Heavy Jam,5,Tabata Road (Mandela to Segerea)
27,"26.2°C, Clear",7.5,0.0,32,2026-08-06 15:12:23.833000+00:00,goba_massana,Heavy Jam,5,Goba Road (Massana to Goba Center)
3,"28.5°C, Clear",25.0,0.0,6,2026-08-03 11:21:38.981000+00:00,changombe_road,Smooth,3,Chang'ombe Road (Temeke)
4,"28.1°C, Cloudy",24.0,0.1,8,2026-08-09 09:09:30.856000+00:00,uhuru_street,Moderate,4,Uhuru Street (Ilala)
2,"22.6°C, Clear",21.0,0.0,4,2026-08-03 20:26:52.848000+00:00,selander,Smooth,2,Ali Hassan Mwinyi
0,"21.3°C, Clear",40.0,0.0,3,2026-08-03 04:15:28.437000+00:00,sinza_mori,Smooth,3,Sinza Road (Mori to Bamaga)
2,"28.0°C, Clear",21.0,0.0,4,2026-08-06 07:57:42.916000+00:00,selander,Smooth,2,Ali Hassan Mwinyi
2,"28.0°C, Rainy",30.0,0.1,7,2026-08-05 08:38:48.006000+00:00,mwai_kibaki,Smooth,5,Mwai Kibaki Rd (Kawe to Mikocheni)
0,"27.3°C, Clear",45.7,0.0,23,2026-08-03 07:51:24.873000+00:00,posta_to_kimara,Smooth,23,Mega-Route: Posta to Kimara (Morogoro Rd)
2,"21.0°C, Clear",24.0,,5,2026-08-03 02:51:22.108000+00:00,morocco_intersection,Smooth,3,Kawawa Rd (Morocco to Kinondoni)
8,"29.4°C, Clear",18.5,0.0,13,2026-08-04 10:42:41.894000+00:00,goba_massana,Heavy Jam,5,Goba Road (Massana to Goba Center)
0,"22.1°C, Clear",45.0,0.0,2,2026-08-03 21:46:39.566000+00:00,kigogo_roundabout,Smooth,2,Kawawa Rd (Kigogo Choke)
11,"25.2°C, Clear",14.8,0.0,17,2026-08-03 06:25:28.680000+00:00,sam_nujoma,Heavy Jam,6,Sam Nujoma Rd (Mwenge-Ubungo)
0,"28.0°C, Clear",42.0,0.0,6,2026-08-06 07:57:42.922000+00:00,sam_nujoma,Smooth,6,Sam Nujoma Rd (Mwenge-Ubungo)
2,"23.1°C, Clear",22.0,0.0,3,2026-08-03 18:50:31.457000+00:00,kariakoo,Smooth,1,Kariakoo Market Grid
1,"25.8°C, Clear",30.0,0.0,3,2026-08-08 14:56:42.732000+00:00,kigogo_roundabout,Smooth,2,Kawawa Rd (Kigogo Choke)
1,"27.1°C, Clear",30.0,0.0,3,2026-08-09 07:30:19.145000+00:00,old_bagamoyo,Smooth,2,Old Bagamoyo Rd (Victoria)
25,"26.3°C, Clear",7.6,0.0,30,2026-08-04 15:06:57.507000+00:00,tabata_dampo,Heavy Jam,5,Tabata Road (Mandela to Segerea)
5,"21.4°C, Clear",24.0,0.0,10,2026-08-08 04:07:02.365000+00:00,goba_massana,Moderate,5,Goba Road (Massana to Goba Center)
3,"28.3°C, Cloudy",16.8,0.1,5,2026-08-05 09:04:48.104000+00:00,selander,Smooth,2,Ali Hassan Mwinyi
4,"22.2°C, Clear",26.7,0.0,9,2026-08-03 21:46:40.126000+00:00,goba_massana,Moderate,5,Goba Road (Massana to Goba Center)
0,"23.0°C, Clear",45.0,0.0,24,2026-08-05 20:12:52.568000+00:00,posta_to_gongolamboto,Smooth,24,Mega-Route: Posta to Gongo la Mboto (Nyerere Rd)
4,"26.6°C, Cloudy",23.3,0.2,9,2026-08-08 10:01:38.450000+00:00,kilwa_mbagala,Moderate,5,Kilwa Rd (Mbagala)
8,"29.4°C, Clear",17.5,0.0,13,2026-08-06 10:44:45.273000+00:00,tabata_dampo,Heavy Jam,5,Tabata Road (Mandela to Segerea)
5,"26.2°C, Clear",12.0,0.0,7,2026-08-06 15:12:21.638000+00:00,selander,Moderate,2,Ali Hassan Mwinyi
0,"26.5°C, Clear",42.0,0.0,5,2026-08-03 07:20:36.580000+00:00,mwai_kibaki,Smooth,5,Mwai Kibaki Rd (Kawe to Mikocheni)
3,"27.8°C, Cloudy",20.4,0.1,5,2026-08-07 08:38:19.317000+00:00,tazara,Smooth,2,Nyerere Rd (Tazara)
1,"23.5°C, Clear",30.0,0.0,3,2026-08-08 17:55:11.867000+00:00,old_bagamoyo,Smooth,2,Old Bagamoyo Rd (Victoria)
2,"22.8°C, Clear",27.0,0.0,4,2026-08-08 19:51:28.565000+00:00,ubungo,Smooth,2,Morogoro Rd (Ubungo)
4,"26.2°C, Clear",17.1,0.0,7,2026-08-07 14:46:47.465000+00:00,sinza_mori,Moderate,3,Sinza Road (Mori to Bamaga)
5,"27.4°C, Clear",24.0,0.0,10,2026-08-08 11:55:17.587000+00:00,goba_massana,Moderate,5,Goba Road (Massana to Goba Center)
5,"24.7°C, Clear",22.8,0.0,10,2026-08-08 15:54:43.601000+00:00,tabata_dampo,Moderate,5,Tabata Road (Mandela to Segerea)
2,"27.3°C, Clear",32.0,0.0,6,2026-08-03 07:51:24.525000+00:00,uhuru_street,Smooth,4,Uhuru Street (Ilala-Town)
2,"27.3°C, Clear",30.0,0.0,5,2026-08-04 07:57:09.102000+00:00,changombe_road,Smooth,3,Chang'ombe Road (Temeke)
5,"26.7°C, Clear",15.0,0.0,8,2026-08-05 15:12:31.496000+00:00,morocco_intersection,Moderate,3,Kawawa Rd (Morocco to Kinondoni)
5,"21.0°C, Clear",24.0,0.0,10,2026-08-09 04:12:14.527000+00:00,goba_massana,Moderate,5,Goba Road (Massana to Goba Center)
1,"28.6°C, Clear",30.0,0.0,4,2026-08-09 11:53:57.459000+00:00,sinza_mori,Smooth,3,Sinza Road (Mori to Bamaga)
10,"24.7°C, Clear",16.0,0.0,15,2026-08-07 05:59:55.495000+00:00,goba_massana,Heavy Jam,5,Goba Road (Massana to Goba Center)
9,"22.4°C, Clear",8.2,0.0,11,2026-08-05 05:14:31.441000+00:00,mwenge,Heavy Jam,2,Bagamoyo Rd (Mwenge)
0,"24.5°C, Clear",45.7,0.0,23,2026-08-08 16:13:10.613000+00:00,posta_to_kimara,Smooth,23,Mega-Route: Posta to Kimara (Morogoro Rd)
4,"28.0°C, Rainy",23.3,0.1,9,2026-08-05 08:38:47.324000+00:00,kilwa_mbagala,Moderate,5,Kilwa Rd (Mbagala)
4,"23.0°C, Clear",12.0,0.0,6,2026-08-03 18:50:33.280000+00:00,fire_upanga,Moderate,2,UN Road (Fire to Upanga)
0,"25.3°C, Clear",42.0,0.0,6,2026-08-09 15:15:26.149000+00:00,sam_nujoma,Smooth,6,Sam Nujoma Rd (Mwenge-Ubungo)
0,"27.5°C, Clear",42.0,0.0,6,2026-08-05 07:58:12.111000+00:00,sam_nujoma,Smooth,6,Sam Nujoma Rd (Mwenge-Ubungo)
2,"27.1°C, Clear",30.0,0.0,5,2026-08-07 07:58:57.424000+00:00,changombe_road,Smooth,3,Chang'ombe Road (Temeke)
2,"27.4°C, Clear",21.0,0.0,4,2026-08-09 13:42:42.386000+00:00,selander,Smooth,2,Ali Hassan Mwinyi
2,"29.0°C, Clear",30.0,0.0,5,2026-08-07 12:06:20.725000+00:00,changombe_road,Smooth,3,Chang'ombe Road (Temeke)
0,"26.7°C, Clear",45.0,0.0,24,2026-08-03 07:20:36.274000+00:00,posta_to_gongolamboto,Smooth,24,Mega-Route: Posta to Gongo la Mboto (Nyerere Rd)
3,"28.0°C, Rainy",21.6,0.1,5,2026-08-05 08:38:47.068000+00:00,ubungo,Smooth,2,Morogoro Rd (Ubungo)
9,"23.7°C, Clear",8.2,0.0,11,2026-08-03 05:40:04.957000+00:00,mwenge,Heavy Jam,2,Bagamoyo Rd (Mwenge)
9,"25.2°C, Clear",8.2,0.0,11,2026-08-03 06:25:28.723000+00:00,mwenge,Heavy Jam,2,Bagamoyo Rd (Mwenge)
2,"28.5°C, Cloudy",22.5,0.1,4,2026-08-05 09:25:29.985000+00:00,old_bagamoyo,Smooth,2,Old Bagamoyo Rd (Victoria)
1,"22.0°C, Clear",30.0,0.0,4,2026-08-04 20:38:56.682000+00:00,morocco_intersection,Smooth,3,Kawawa Rd (Morocco to Kinondoni)
2,"27.3°C, Clear",27.0,0.0,4,2026-08-04 07:57:08.575000+00:00,ubungo,Smooth,2,Morogoro Rd (Ubungo)
3,"27.6°C, Clear",27.4,0.0,7,2026-08-06 07:18:59.861000+00:00,uhuru_street,Smooth,4,Uhuru Street (Ilala)
8,"28.3°C, Rainy",35.7,0.1,37,2026-08-05 08:38:47.719000+00:00,posta_to_tegeta,Heavy Jam,29,Mega-Route: Posta to Tegeta (Bagamoyo Rd)
28,"28.8°C, Clear",7.3,0.0,33,2026-08-04 13:01:52.002000+00:00,goba_massana,Heavy Jam,5,Goba Road (Massana to Goba Center)
2,"23.7°C, Clear",24.0,0.0,5,2026-08-03 16:43:11.898000+00:00,sinza_mori,Smooth,3,Sinza Road (Mori to Bamaga)
0,"22.0°C, Clear",45.0,0.0,2,2026-08-03 21:46:39.213000+00:00,kamata_gerezani,Smooth,2,Kamata / Gerezani (Port Entry)
2,"23.7°C, Clear",24.0,0.0,5,2026-08-03 05:40:10.508000+00:00,sinza_mori,Smooth,3,Sinza Road (Mori to Bamaga)
0,"23.6°C, Clear",45.5,0.0,29,2026-08-05 18:21:00.091000+00:00,posta_to_tegeta,Smooth,29,Mega-Route: Posta to Tegeta (Bagamoyo Rd)
10,"23.7°C, Clear",15.8,0.0,16,2026-08-03 05:40:04.994000+00:00,sam_nujoma,Heavy Jam,6,Sam Nujoma Rd (Mwenge-Ubungo)
0,"22.4°C, Clear",45.0,0.0,24,2026-08-03 20:26:54.345000+00:00,posta_to_gongolamboto,Smooth,24,Mega-Route: Posta to Gongo la Mboto (Nyerere Rd)
3,"21.0°C, Clear",20.4,,5,2026-08-03 02:51:19.979000+00:00,tazara,Smooth,2,Nyerere Rd (Tazara)
4,"27.3°C, Clear",12.0,0.0,6,2026-08-04 07:57:09.370000+00:00,fire_upanga,Moderate,2,UN Road (Fire to Upanga)
0,"22.0°C, Clear",45.0,0.0,24,2026-08-03 21:46:39.218000+00:00,posta_to_gongolamboto,Smooth,24,Mega-Route: Posta to Gongo la Mboto (Nyerere Rd)
5,"23.7°C, Clear",12.9,0.0,7,2026-08-03 16:43:10.988000+00:00,mwenge,Moderate,2,Bagamoyo Rd (Mwenge)
1,"27.9°C, Clear",30.0,0.0,3,2026-08-08 11:55:15.168000+00:00,old_bagamoyo,Smooth,2,Old Bagamoyo Rd (Victoria)
14,"22.5°C, Clear",30.7,0.0,43,2026-08-05 05:14:31.868000+00:00,posta_to_tegeta,Heavy Jam,29,Mega-Route: Posta to Tegeta (Bagamoyo Rd)
2,"27.1°C, Cloudy",24.0,0.1,5,2026-08-08 12:30:32.038000+00:00,morocco_intersection,Smooth,3,Kawawa Rd (Morocco to Kinondoni)
3,"26.2°C, Clear",26.2,0.0,8,2026-08-07 14:46:47.430000+00:00,mwai_kibaki,Smooth,5,Mwai Kibaki Rd (Kawe to Mikocheni)
0,"22.4°C, Clear",45.5,0.0,29,2026-08-03 20:26:54.329000+00:00,posta_to_tegeta,Smooth,29,Mega-Route: Posta to Tegeta (Bagamoyo Rd)
3,"22.6°C, Clear",16.5,0.0,4,2026-08-04 05:14:43.126000+00:00,kariakoo,Smooth,1,Kariakoo Market Grid
3,"29.2°C, Cloudy",20.0,0.1,6,2026-08-07 11:14:31.717000+00:00,morocco_intersection,Smooth,3,Kawawa Rd (Morocco to Kinondoni)
2,"21.5°C, Clear",25.5,0.0,4,2026-08-04 21:55:22.439000+00:00,tazara,Smooth,2,Nyerere Rd (Tazara)
61,"26.8°C, Clear",14.7,0.0,90,2026-08-07 14:21:48.381000+00:00,posta_to_tegeta,Heavy Jam,29,Mega-Route: Posta to Tegeta (Bagamoyo Rd)
6,"27.6°C, Clear",16.7,0.0,9,2026-08-06 07:18:59.653000+00:00,mandela_buguruni,Moderate,3,Mandela Rd (Port Link)
1,"23.1°C, Clear",30.0,0.0,3,2026-08-09 05:29:08.579000+00:00,kigogo_roundabout,Smooth,2,Kawawa Rd (Kigogo Choke)
0,"22.4°C, Clear",45.7,0.0,23,2026-08-03 20:26:54.516000+00:00,posta_to_kimara,Smooth,23,Mega-Route: Posta to Kimara (Morogoro Rd)
8,"28.4°C, Clear",17.5,0.0,13,2026-08-03 11:21:38.967000+00:00,tabata_dampo,Heavy Jam,5,Tabata Road (Mandela to Segerea)
6,"27.3°C, Clear",16.7,0.0,9,2026-08-03 07:51:23.588000+00:00,mandela_buguruni,Moderate,3,Mandela Rd (Port Link)
3,"27.9°C, Clear",20.4,0.0,5,2026-08-08 10:58:50.937000+00:00,tazara,Smooth,2,Nyerere Rd (Tazara)
5,"26.2°C, Clear",15.4,0.0,7,2026-08-07 14:46:45.086000+00:00,ubungo,Moderate,2,Morogoro Rd (Ubungo)
1,"22.9°C, Clear",30.0,0.0,4,2026-08-08 19:07:25.355000+00:00,sinza_mori,Smooth,3,Sinza Road (Mori to Bamaga)
2,"28.5°C, Clear",31.5,0.0,8,2026-08-07 09:40:07.639000+00:00,sam_nujoma,Smooth,6,Sam Nujoma Rd (Mwenge-Ubungo)
2,"23.1°C, Clear",27.0,0.0,4,2026-08-03 18:50:31.955000+00:00,ubungo,Smooth,2,Morogoro Rd (Ubungo)
1,"28.6°C, Clear",30.0,0.0,3,2026-08-09 11:53:57.177000+00:00,kigogo_roundabout,Smooth,2,Kawawa Rd (Kigogo Choke)
6,"28.6°C, Cloudy",36.2,0.1,29,2026-08-05 09:04:49.216000+00:00,posta_to_kimara,Moderate,23,Mega-Route: Posta to Kimara (Morogoro Rd)
2,"26.9°C, Clear",30.0,0.0,5,2026-08-09 14:26:13.403000+00:00,changombe_road,Smooth,3,Chang'ombe Road (Temeke)
2,"27.8°C, Clear",22.5,0.0,4,2026-08-08 11:29:24.866000+00:00,mwenge,Smooth,2,Bagamoyo Rd (Mwenge)
3,"23.4°C, Clear",28.5,0.0,8,2026-08-07 19:45:48.474000+00:00,tabata_dampo,Smooth,5,Tabata Road (Mandela to Segerea)
5,"22.7°C, Clear",24.0,0.0,10,2026-08-08 19:51:31.066000+00:00,goba_massana,Moderate,5,Goba Road (Massana to Goba Center)
25,"26.4°C, Clear",8.0,0.0,30,2026-08-04 15:06:58.155000+00:00,goba_massana,Heavy Jam,5,Goba Road (Massana to Goba Center)
4,"27.9°C, Clear",24.0,0.0,8,2026-08-08 10:58:51.467000+00:00,uhuru_street,Moderate,4,Uhuru Street (Ilala)
3,"26.7°C, Clear",20.4,0.0,5,2026-08-03 07:20:34.669000+00:00,tazara,Smooth,2,Nyerere Rd (Tazara)
0,"26.9°C, Clear",42.0,0.0,5,2026-08-08 10:58:52.250000+00:00,mwai_kibaki,Smooth,5,Mwai Kibaki Rd (Kawe to Mikocheni)
2,"21.0°C, Clear",21.0,,4,2026-08-03 02:51:23+00:00,selander,Smooth,2,Ali Hassan Mwinyi
6,"23.1°C, Clear",16.7,0.0,9,2026-08-09 05:29:06.546000+00:00,mandela_buguruni,Moderate,3,Mandela Rd (Port Link)
7,"23.6°C, Clear",11.3,0.0,9,2026-08-03 16:43:10.681000+00:00,tazara,Moderate,2,Nyerere Rd (Tazara)
6,"28.3°C, Rainy",9.0,0.1,8,2026-08-05 08:38:47.992000+00:00,fire_upanga,Moderate,2,UN Road (Fire to Upanga)
58,"23.6°C, Clear",15.2,0.0,87,2026-08-03 16:43:11.219000+00:00,posta_to_tegeta,Heavy Jam,29,Mega-Route: Posta to Tegeta (Bagamoyo Rd)
7,"26.7°C, Clear",8.0,0.0,9,2026-08-06 06:44:18.507000+00:00,fire_upanga,Moderate,2,UN Road (Fire to Upanga)
6,"28.5°C, Clear",16.7,0.0,9,2026-08-08 11:55:16.257000+00:00,mandela_buguruni,Moderate,3,Mandela Rd (Port Link)
4,"28.7°C, Clear",14.0,0.0,6,2026-08-04 13:01:51.089000+00:00,selander,Moderate,2,Ali Hassan Mwinyi
5,"27.3°C, Clear",22.8,0.0,10,2026-08-06 07:19:01.252000+00:00,tabata_dampo,Moderate,5,Tabata Road (Mandela to Segerea)
1,"22.9°C, Clear",30.0,0.0,3,2026-08-08 19:07:23.196000+00:00,old_bagamoyo,Smooth,2,Old Bagamoyo Rd (Victoria)
5,"27.7°C, Clear",22.8,0.0,10,2026-08-07 08:38:19.939000+00:00,tabata_dampo,Moderate,5,Tabata Road (Mandela to Segerea)
2,"28.5°C, Clear",22.5,0.0,4,2026-08-07 09:40:07.704000+00:00,old_bagamoyo,Smooth,2,Old Bagamoyo Rd (Victoria)
3,"20.8°C, Clear",20.4,0.0,5,2026-08-09 04:12:12.515000+00:00,tazara,Smooth,2,Nyerere Rd (Tazara)
7,"26.5°C, Clear",11.3,0.0,9,2026-08-03 14:00:40.525000+00:00,tazara,Moderate,2,Nyerere Rd (Tazara)
2,"23.9°C, Clear",21.0,0.0,4,2026-08-07 17:41:56.893000+00:00,selander,Smooth,2,Ali Hassan Mwinyi
4,"27.7°C, Clear",12.0,0.0,6,2026-08-05 07:58:13.544000+00:00,fire_upanga,Moderate,2,UN Road (Fire to Upanga)
10,"23.7°C, Clear",15.2,0.0,15,2026-08-03 05:40:09.669000+00:00,tabata_dampo,Heavy Jam,5,Tabata Road (Mandela to Segerea)
4,"28.7°C, Clear",25.2,0.0,10,2026-08-04 13:01:50.228000+00:00,sam_nujoma,Moderate,6,Sam Nujoma Rd (Mwenge-Ubungo)
3,"21.3°C, Clear",27.4,0.0,7,2026-08-03 04:15:25.498000+00:00,uhuru_street,Smooth,4,Uhuru Street (Ilala-Town)
4,"24.9°C, Clear",24.0,0.0,8,2026-08-09 06:08:47.361000+00:00,uhuru_street,Moderate,4,Uhuru Street (Ilala)
5,"24.5°C, Clear",12.9,0.0,7,2026-08-07 16:43:44.243000+00:00,mwenge,Moderate,2,Bagamoyo Rd (Mwenge)
4,"28.6°C, Cloudy",17.0,0.1,6,2026-08-05 09:04:48.709000+00:00,tazara,Moderate,2,Nyerere Rd (Tazara)
2,"29.0°C, Clear",31.5,0.0,8,2026-08-05 10:42:55.837000+00:00,sam_nujoma,Smooth,6,Sam Nujoma Rd (Mwenge-Ubungo)
1,"22.4°C, Clear",37.5,0.0,4,2026-08-03 20:26:54.555000+00:00,changombe_road,Smooth,3,Chang'ombe Road (Temeke)
2,"27.7°C, Clear",21.0,0.0,4,2026-08-09 08:09:44.658000+00:00,selander,Smooth,2,Ali Hassan Mwinyi
0,"23.3°C, Clear",45.0,0.0,24,2026-08-08 05:13:55.249000+00:00,posta_to_gongolamboto,Smooth,24,Mega-Route: Posta to Gongo la Mboto (Nyerere Rd)
3,"28.0°C, Cloudy",20.4,0.1,5,2026-08-07 08:50:33.666000+00:00,tazara,Smooth,2,Nyerere Rd (Tazara)
13,"25.2°C, Clear",11.7,0.0,18,2026-08-03 06:25:29.434000+00:00,kilwa_mbagala,Heavy Jam,5,Kilwa Rd (Mbagala)
0,"23.1°C, Clear",42.0,0.0,6,2026-08-09 05:29:07.306000+00:00,sam_nujoma,Smooth,6,Sam Nujoma Rd (Mwenge-Ubungo)
2,"27.7°C, Clear",21.0,0.0,4,2026-08-07 08:38:18.708000+00:00,selander,Smooth,2,Ali Hassan Mwinyi
6,"26.0°C, Clear",16.7,0.0,9,2026-08-08 14:56:42.129000+00:00,mandela_buguruni,Moderate,3,Mandela Rd (Port Link)
1,"27.7°C, Cloudy",30.0,0.1,3,2026-08-09 10:03:23.967000+00:00,old_bagamoyo,Smooth,2,Old Bagamoyo Rd (Victoria)
2,"26.4°C, Clear",21.0,0.0,4,2026-08-08 14:24:24.490000+00:00,selander,Smooth,2,Ali Hassan Mwinyi
4,"23.1°C, Clear",12.0,0.0,6,2026-08-09 05:29:08.770000+00:00,fire_upanga,Moderate,2,UN Road (Fire to Upanga)
27,"23.6°C, Clear",7.5,0.0,32,2026-08-03 16:43:11.898000+00:00,goba_massana,Heavy Jam,5,Goba Road (Massana to Goba Center)
2,"28.5°C, Cloudy",31.5,0.1,8,2026-08-05 09:25:30.062000+00:00,sam_nujoma,Smooth,6,Sam Nujoma Rd (Mwenge-Ubungo)
0,"23.8°C, Clear",42.0,0.0,6,2026-08-08 17:00:49.674000+00:00,sam_nujoma,Smooth,6,Sam Nujoma Rd (Mwenge-Ubungo)
4,"28.5°C, Clear",12.0,0.0,6,2026-08-08 11:29:25.982000+00:00,fire_upanga,Moderate,2,UN Road (Fire to Upanga)
4,"23.4°C, Clear",12.0,0.0,6,2026-08-04 17:20:21.354000+00:00,fire_upanga,Moderate,2,UN Road (Fire to Upanga)
0,"27.0°C, Cloudy",42.0,0.1,5,2026-08-08 08:06:36.508000+00:00,mwai_kibaki,Smooth,5,Mwai Kibaki Rd (Kawe to Mikocheni)
10,"22.4°C, Clear",15.8,0.0,16,2026-08-05 05:14:30.377000+00:00,sam_nujoma,Heavy Jam,6,Sam Nujoma Rd (Mwenge-Ubungo)
2,"24.6°C, Clear",22.5,0.0,4,2026-08-07 05:59:54.622000+00:00,kamata_gerezani,Smooth,2,Kamata / Gerezani (Port Entry)
4,"22.0°C, Clear",21.4,0.0,7,2026-08-03 21:46:38.638000+00:00,mandela_buguruni,Moderate,3,Mandela Rd (Port Link)
4,"25.2°C, Clear",13.2,0.0,5,2026-08-03 06:25:28.684000+00:00,kariakoo,Moderate,1,Kariakoo Market Grid
1,"27.1°C, Clear",30.0,0.0,4,2026-08-09 07:30:20.504000+00:00,sinza_mori,Smooth,3,Sinza Road (Mori to Bamaga)
2,"27.1°C, Clear",22.5,0.0,4,2026-08-07 07:58:56.637000+00:00,mwenge,Smooth,2,Bagamoyo Rd (Mwenge)
1,"22.4°C, Clear",30.0,0.0,4,2026-08-05 05:14:32.353000+00:00,sinza_mori,Smooth,3,Sinza Road (Mori to Bamaga)
1,"24.4°C, Clear",30.0,0.0,3,2026-08-08 16:13:09.771000+00:00,old_bagamoyo,Smooth,2,Old Bagamoyo Rd (Victoria)
27,"26.5°C, Clear",5.0,0.0,30,2026-08-03 14:00:39.654000+00:00,mandela_buguruni,Heavy Jam,3,Mandela Rd (Port Link)
0,"28.7°C, Clear",42.0,0.0,6,2026-08-09 11:00:37.756000+00:00,sam_nujoma,Smooth,6,Sam Nujoma Rd (Mwenge-Ubungo)
7,"24.0°C, Clear",17.5,0.0,12,2026-08-07 16:43:45.044000+00:00,kilwa_mbagala,Moderate,5,Kilwa Rd (Mbagala)
1,"27.7°C, Clear",30.0,0.0,4,2026-08-07 08:38:20.551000+00:00,sinza_mori,Smooth,3,Sinza Road (Mori to Bamaga)
6,"26.5°C, Clear",16.7,0.0,9,2026-08-08 14:24:23.426000+00:00,mandela_buguruni,Moderate,3,Mandela Rd (Port Link)
4,"28.7°C, Clear",13.2,0.0,5,2026-08-04 13:01:50.016000+00:00,kariakoo,Moderate,1,Kariakoo Market Grid
2,"23.4°C, Clear",32.0,0.0,6,2026-08-04 17:20:19.546000+00:00,uhuru_street,Smooth,4,Uhuru Street (Ilala-Town)
3,"25.5°C, Clear",18.0,0.0,5,2026-08-04 15:39:34.029000+00:00,old_bagamoyo,Smooth,2,Old Bagamoyo Rd (Victoria)
4,"29.4°C, Clear",23.3,0.0,9,2026-08-07 11:14:30.096000+00:00,kilwa_mbagala,Moderate,5,Kilwa Rd (Mbagala)
0,"28.3°C, Clear",45.5,0.0,29,2026-08-06 07:57:42.643000+00:00,posta_to_tegeta,Smooth,29,Mega-Route: Posta to Tegeta (Bagamoyo Rd)
0,"28.1°C, Cloudy",45.7,0.1,23,2026-08-09 09:09:31.389000+00:00,posta_to_kimara,Smooth,23,Mega-Route: Posta to Kimara (Morogoro Rd)
2,"26.6°C, Cloudy",21.0,0.1,4,2026-08-08 07:28:07.395000+00:00,selander,Smooth,2,Ali Hassan Mwinyi
2,"27.5°C, Clear",21.0,0.0,4,2026-08-05 07:58:12.435000+00:00,selander,Smooth,2,Ali Hassan Mwinyi
2,"24.9°C, Clear",30.0,0.0,7,2026-08-09 15:15:25.261000+00:00,kilwa_mbagala,Smooth,5,Kilwa Rd (Mbagala)
4,"25.2°C, Clear",21.4,0.0,7,2026-08-03 06:25:30+00:00,changombe_road,Moderate,3,Chang'ombe Road (Temeke)
3,"22.4°C, Clear",14.4,0.0,5,2026-08-03 20:26:54.862000+00:00,fire_upanga,Smooth,2,UN Road (Fire to Upanga)
2,"21.4°C, Clear",22.5,0.0,4,2026-08-07 04:25:08.098000+00:00,old_bagamoyo,Smooth,2,Old Bagamoyo Rd (Victoria)
2,"23.1°C, Clear",30.0,0.0,7,2026-08-09 05:29:06.399000+00:00,kilwa_mbagala,Smooth,5,Kilwa Rd (Mbagala)
5,"25.1°C, Clear",15.4,0.0,7,2026-08-07 15:46:49.675000+00:00,ubungo,Moderate,2,Morogoro Rd (Ubungo)
0,"22.6°C, Clear",42.0,0.0,5,2026-08-04 19:00:32.742000+00:00,mwai_kibaki,Smooth,5,Mwai Kibaki Rd (Kawe to Mikocheni)
37,"26.0°C, Clear",17.7,0.0,61,2026-08-04 15:06:57.583000+00:00,posta_to_gongolamboto,Heavy Jam,24,Mega-Route: Posta to Gongo la Mboto (Nyerere Rd)
3,"25.2°C, Clear",18.0,0.0,5,2026-08-03 06:16:10.424000+00:00,old_bagamoyo,Smooth,2,Old Bagamoyo Rd (Victoria)
1,"25.2°C, Clear",30.0,0.0,4,2026-08-03 06:16:12.061000+00:00,sinza_mori,Smooth,3,Sinza Road (Mori to Bamaga)
1,"26.5°C, Clear",30.0,0.0,3,2026-08-03 07:20:36.518000+00:00,kigogo_roundabout,Smooth,2,Kawawa Rd (Kigogo Choke)
8,"23.7°C, Cloudy",18.5,0.3,13,2026-08-08 09:08:51.394000+00:00,goba_massana,Heavy Jam,5,Goba Road (Massana to Goba Center)
0,"26.0°C, Clear",45.0,0.0,24,2026-08-08 14:56:42.447000+00:00,posta_to_gongolamboto,Smooth,24,Mega-Route: Posta to Gongo la Mboto (Nyerere Rd)
3,"25.2°C, Clear",18.0,0.0,5,2026-08-03 06:25:30.094000+00:00,kigogo_roundabout,Smooth,2,Kawawa Rd (Kigogo Choke)
0,"29.1°C, Clear",40.0,0.0,3,2026-08-05 12:51:15.732000+00:00,sinza_mori,Smooth,3,Sinza Road (Mori to Bamaga)
5,"24.2°C, Clear",22.8,0.0,10,2026-08-08 16:22:38.488000+00:00,tabata_dampo,Moderate,5,Tabata Road (Mandela to Segerea)
5,"28.7°C, Cloudy",24.0,0.1,10,2026-08-07 12:06:21.314000+00:00,goba_massana,Moderate,5,Goba Road (Massana to Goba Center)
2,"28.3°C, Rainy",22.5,0.1,4,2026-08-05 08:38:47.736000+00:00,kamata_gerezani,Smooth,2,Kamata / Gerezani (Port Entry)
1,"29.4°C, Clear",35.0,0.0,6,2026-08-06 10:44:45.631000+00:00,mwai_kibaki,Smooth,5,Mwai Kibaki Rd (Kawe to Mikocheni)
2,"28.4°C, Clear",41.5,0.0,26,2026-08-07 09:21:18.390000+00:00,posta_to_gongolamboto,Smooth,24,Mega-Route: Posta to Gongo la Mboto (Nyerere Rd)
0,"25.3°C, Clear",45.0,0.0,24,2026-08-08 06:03:54.951000+00:00,posta_to_gongolamboto,Smooth,24,Mega-Route: Posta to Gongo la Mboto (Nyerere Rd)
1,"25.3°C, Clear",30.0,0.0,3,2026-08-09 15:15:26.778000+00:00,kigogo_roundabout,Smooth,2,Kawawa Rd (Kigogo Choke)
1,"23.0°C, Clear",37.5,0.0,4,2026-08-05 20:12:52.723000+00:00,changombe_road,Smooth,3,Chang'ombe Road (Temeke)
4,"26.5°C, Clear",12.0,0.0,6,2026-08-08 14:24:25.751000+00:00,fire_upanga,Moderate,2,UN Road (Fire to Upanga)
1,"28.6°C, Clear",30.0,0.0,3,2026-08-09 11:53:55.815000+00:00,old_bagamoyo,Smooth,2,Old Bagamoyo Rd (Victoria)
4,"24.8°C, Clear",24.0,0.0,8,2026-08-08 15:54:42.854000+00:00,uhuru_street,Moderate,4,Uhuru Street (Ilala)
8,"28.7°C, Clear",18.5,0.0,13,2026-08-07 11:14:32.422000+00:00,goba_massana,Heavy Jam,5,Goba Road (Massana to Goba Center)
0,"29.0°C, Clear",45.7,0.0,23,2026-08-05 12:51:15.291000+00:00,posta_to_kimara,Smooth,23,Mega-Route: Posta to Kimara (Morogoro Rd)
4,"24.5°C, Clear",12.0,0.0,6,2026-08-08 16:13:10.962000+00:00,fire_upanga,Moderate,2,UN Road (Fire to Upanga)
2,"23.0°C, Clear",32.0,0.0,6,2026-08-05 20:12:51.235000+00:00,uhuru_street,Smooth,4,Uhuru Street (Ilala)
5,"29.0°C, Clear",24.0,0.0,10,2026-08-05 12:51:15.967000+00:00,goba_massana,Moderate,5,Goba Road (Massana to Goba Center)
1,"28.3°C, Clear",35.0,0.0,6,2026-08-07 09:21:18.889000+00:00,mwai_kibaki,Smooth,5,Mwai Kibaki Rd (Kawe to Mikocheni)
2,"27.3°C, Clear",32.0,0.0,6,2026-08-04 07:57:08.592000+00:00,uhuru_street,Smooth,4,Uhuru Street (Ilala-Town)
9,"26.3°C, Clear",8.2,0.0,11,2026-08-06 06:44:16.983000+00:00,mwenge,Heavy Jam,2,Bagamoyo Rd (Mwenge)
0,"23.1°C, Clear",45.0,0.0,24,2026-08-09 05:29:08.031000+00:00,posta_to_gongolamboto,Smooth,24,Mega-Route: Posta to Gongo la Mboto (Nyerere Rd)
0,"26.5°C, Clear",45.7,0.0,23,2026-08-08 14:24:25.152000+00:00,posta_to_kimara,Smooth,23,Mega-Route: Posta to Kimara (Morogoro Rd)
5,"25.5°C, Clear",22.9,0.0,11,2026-08-04 15:39:34.818000+00:00,sam_nujoma,Moderate,6,Sam Nujoma Rd (Mwenge-Ubungo)
8,"28.5°C, Clear",16.0,0.0,12,2026-08-04 13:01:50.820000+00:00,uhuru_street,Heavy Jam,4,Uhuru Street (Ilala-Town)
5,"21.3°C, Clear",22.8,0.0,10,2026-08-03 04:15:30.233000+00:00,tabata_dampo,Moderate,5,Tabata Road (Mandela to Segerea)
1,"25.2°C, Clear",30.0,0.0,4,2026-08-08 15:24:25.421000+00:00,sinza_mori,Smooth,3,Sinza Road (Mori to Bamaga)
0,"25.4°C, Clear",45.0,0.0,24,2026-08-08 15:24:24.987000+00:00,posta_to_gongolamboto,Smooth,24,Mega-Route: Posta to Gongo la Mboto (Nyerere Rd)
5,"22.5°C, Clear",18.8,0.0,8,2026-08-04 19:00:30.698000+00:00,mandela_buguruni,Moderate,3,Mandela Rd (Port Link)
3,"28.0°C, Clear",20.4,0.0,5,2026-08-09 08:09:45.096000+00:00,tazara,Smooth,2,Nyerere Rd (Tazara)
3,"25.2°C, Clear",18.0,0.0,5,2026-08-03 06:25:29.328000+00:00,old_bagamoyo,Smooth,2,Old Bagamoyo Rd (Victoria)
1,"27.1°C, Clear",30.0,0.0,3,2026-08-07 07:58:57.031000+00:00,old_bagamoyo,Smooth,2,Old Bagamoyo Rd (Victoria)
6,"28.8°C, Clear",9.0,0.0,8,2026-08-07 09:40:09.621000+00:00,fire_upanga,Moderate,2,UN Road (Fire to Upanga)
14,"23.7°C, Clear",11.1,0.0,19,2026-08-03 05:40:04.647000+00:00,kilwa_mbagala,Heavy Jam,5,Kilwa Rd (Mbagala)
3,"28.3°C, Clear",20.4,0.0,5,2026-08-06 07:57:42.163000+00:00,tazara,Smooth,2,Nyerere Rd (Tazara)
2,"23.2°C, Clear",22.5,0.0,4,2026-08-08 05:13:53.740000+00:00,mwenge,Smooth,2,Bagamoyo Rd (Mwenge)
8,"28.3°C, Clear",18.5,0.0,13,2026-08-07 09:40:09.966000+00:00,goba_massana,Heavy Jam,5,Goba Road (Massana to Goba Center)
6,"22.5°C, Clear",9.0,0.0,8,2026-08-05 05:14:32.110000+00:00,fire_upanga,Moderate,2,UN Road (Fire to Upanga)
0,"23.5°C, Clear",42.0,0.0,6,2026-08-08 17:55:13.322000+00:00,sam_nujoma,Smooth,6,Sam Nujoma Rd (Mwenge-Ubungo)
4,"27.0°C, Clear",24.0,0.0,8,2026-08-08 08:06:35.122000+00:00,uhuru_street,Moderate,4,Uhuru Street (Ilala)
0,"24.4°C, Clear",42.0,0.0,5,2026-08-08 16:13:11.126000+00:00,mwai_kibaki,Smooth,5,Mwai Kibaki Rd (Kawe to Mikocheni)
5,"23.4°C, Clear",24.0,0.0,10,2026-08-08 17:55:14.509000+00:00,goba_massana,Moderate,5,Goba Road (Massana to Goba Center)
1,"26.9°C, Clear",30.0,0.0,4,2026-08-08 13:39:22.851000+00:00,sinza_mori,Smooth,3,Sinza Road (Mori to Bamaga)
2,"26.9°C, Clear",21.0,0.0,4,2026-08-07 07:36:40.296000+00:00,selander,Smooth,2,Ali Hassan Mwinyi
9,"21.4°C, Clear",9.8,0.0,11,2026-08-07 04:25:08.243000+00:00,ubungo,Heavy Jam,2,Morogoro Rd (Ubungo)
6,"24.8°C, Clear",16.7,0.0,9,2026-08-08 15:54:41.913000+00:00,mandela_buguruni,Moderate,3,Mandela Rd (Port Link)
4,"28.4°C, Clear",17.0,0.0,6,2026-08-07 09:21:16.902000+00:00,tazara,Moderate,2,Nyerere Rd (Tazara)
2,"26.4°C, Clear",24.0,0.0,5,2026-08-08 14:24:25.448000+00:00,morocco_intersection,Smooth,3,Kawawa Rd (Morocco to Kinondoni)
1,"23.2°C, Clear",30.0,0.0,4,2026-08-08 05:13:55.728000+00:00,sinza_mori,Smooth,3,Sinza Road (Mori to Bamaga)
0,"26.4°C, Clear",42.0,0.0,5,2026-08-08 14:24:25.762000+00:00,mwai_kibaki,Smooth,5,Mwai Kibaki Rd (Kawe to Mikocheni)
8,"25.2°C, Clear",33.9,0.0,31,2026-08-03 06:25:29.680000+00:00,posta_to_kimara,Heavy Jam,23,Mega-Route: Posta to Kimara (Morogoro Rd)
3,"25.4°C, Clear",20.4,0.0,5,2026-08-08 15:24:24.455000+00:00,tazara,Smooth,2,Nyerere Rd (Tazara)
40,"25.2°C, Clear",16.9,0.0,64,2026-08-04 15:39:35.104000+00:00,posta_to_gongolamboto,Heavy Jam,24,Mega-Route: Posta to Gongo la Mboto (Nyerere Rd)
4,"29.3°C, Cloudy",38.9,0.1,27,2026-08-07 11:14:31.496000+00:00,posta_to_kimara,Moderate,23,Mega-Route: Posta to Kimara (Morogoro Rd)
27,"26.2°C, Clear",7.1,0.0,32,2026-08-07 14:46:46.852000+00:00,tabata_dampo,Heavy Jam,5,Tabata Road (Mandela to Segerea)
3,"26.7°C, Clear",26.2,0.0,8,2026-08-05 15:12:31.857000+00:00,mwai_kibaki,Smooth,5,Mwai Kibaki Rd (Kawe to Mikocheni)
2,"23.0°C, Rainy",24.0,0.6,5,2026-08-08 09:08:51.125000+00:00,sinza_mori,Smooth,3,Sinza Road (Mori to Bamaga)
3,"29.3°C, Cloudy",25.0,0.1,6,2026-08-07 11:14:31.572000+00:00,changombe_road,Smooth,3,Chang'ombe Road (Temeke)
2,"27.1°C, Clear",27.0,0.0,4,2026-08-03 07:51:24.599000+00:00,ubungo,Smooth,2,Morogoro Rd (Ubungo)
2,"23.7°C, Clear",27.0,0.0,4,2026-08-05 18:21:00.101000+00:00,ubungo,Smooth,2,Morogoro Rd (Ubungo)
3,"28.4°C, Clear",16.5,0.0,4,2026-08-03 11:21:38.056000+00:00,kariakoo,Smooth,1,Kariakoo Market Grid
4,"26.8°C, Clear",24.0,0.0,8,2026-08-07 07:36:41.011000+00:00,uhuru_street,Moderate,4,Uhuru Street (Ilala)
1,"28.0°C, Cloudy",30.0,0.1,3,2026-08-07 08:50:34.224000+00:00,kamata_gerezani,Smooth,2,Kamata / Gerezani (Port Entry)
0,"27.7°C, Clear",45.0,0.0,24,2026-08-09 13:42:43.492000+00:00,posta_to_gongolamboto,Smooth,24,Mega-Route: Posta to Gongo la Mboto (Nyerere Rd)
11,"25.2°C, Clear",10.7,0.0,14,2026-08-03 06:25:29.315000+00:00,mandela_buguruni,Heavy Jam,3,Mandela Rd (Port Link)
4,"23.7°C, Clear",24.0,0.0,8,2026-08-07 18:42:41.398000+00:00,uhuru_street,Moderate,4,Uhuru Street (Ilala)
5,"21.6°C, Clear",22.8,0.0,10,2026-08-08 04:07:01.512000+00:00,tabata_dampo,Moderate,5,Tabata Road (Mandela to Segerea)
51,"26.0°C, Clear",14.2,0.0,74,2026-08-04 15:06:57.497000+00:00,posta_to_kimara,Heavy Jam,23,Mega-Route: Posta to Kimara (Morogoro Rd)
4,"28.2°C, Clear",12.0,0.0,6,2026-08-06 12:55:07.110000+00:00,fire_upanga,Moderate,2,UN Road (Fire to Upanga)
3,"21.9°C, Clear",14.4,0.0,5,2026-08-04 20:38:56.970000+00:00,fire_upanga,Smooth,2,UN Road (Fire to Upanga)
5,"23.1°C, Clear",22.8,0.0,10,2026-08-03 18:50:33.178000+00:00,tabata_dampo,Moderate,5,Tabata Road (Mandela to Segerea)
2,"27.4°C, Clear",27.0,0.0,4,2026-08-09 13:42:43.240000+00:00,ubungo,Smooth,2,Morogoro Rd (Ubungo)
2,"28.7°C, Clear",27.0,0.0,4,2026-08-09 11:00:36.759000+00:00,ubungo,Smooth,2,Morogoro Rd (Ubungo)
6,"27.7°C, Clear",16.7,0.0,9,2026-08-09 13:42:42.383000+00:00,mandela_buguruni,Moderate,3,Mandela Rd (Port Link)
4,"28.4°C, Clear",24.0,0.0,8,2026-08-09 12:33:29.493000+00:00,uhuru_street,Moderate,4,Uhuru Street (Ilala)
3,"28.6°C, Cloudy",25.0,0.1,6,2026-08-05 09:04:49.377000+00:00,changombe_road,Smooth,3,Chang'ombe Road (Temeke)
1,"23.7°C, Clear",30.0,0.0,3,2026-08-04 17:20:19.504000+00:00,old_bagamoyo,Smooth,2,Old Bagamoyo Rd (Victoria)
10,"23.8°C, Clear",16.0,0.0,15,2026-08-06 05:16:24.361000+00:00,goba_massana,Heavy Jam,5,Goba Road (Massana to Goba Center)
0,"24.7°C, Clear",42.0,0.0,5,2026-08-09 06:08:49.678000+00:00,mwai_kibaki,Smooth,5,Mwai Kibaki Rd (Kawe to Mikocheni)
2,"27.1°C, Cloudy",21.0,0.1,4,2026-08-08 12:30:31.396000+00:00,selander,Smooth,2,Ali Hassan Mwinyi
6,"26.6°C, Clear",13.3,0.0,9,2026-08-03 14:00:40.997000+00:00,morocco_intersection,Moderate,3,Kawawa Rd (Morocco to Kinondoni)
3,"28.8°C, Clear",25.0,0.0,6,2026-08-07 09:40:09.113000+00:00,changombe_road,Smooth,3,Chang'ombe Road (Temeke)
36,"28.5°C, Clear",18.0,0.0,60,2026-08-04 13:01:51.475000+00:00,posta_to_gongolamboto,Heavy Jam,24,Mega-Route: Posta to Gongo la Mboto (Nyerere Rd)
61,"24.4°C, Clear",14.7,0.0,90,2026-08-05 16:55:13.782000+00:00,posta_to_tegeta,Heavy Jam,29,Mega-Route: Posta to Tegeta (Bagamoyo Rd)
4,"26.9°C, Clear",24.0,0.0,8,2026-08-09 14:26:13.157000+00:00,uhuru_street,Moderate,4,Uhuru Street (Ilala)
2,"27.3°C, Clear",21.0,0.0,4,2026-08-06 07:18:59.993000+00:00,selander,Smooth,2,Ali Hassan Mwinyi
5,"24.6°C, Clear",15.0,0.0,8,2026-08-05 16:55:14.686000+00:00,morocco_intersection,Moderate,3,Kawawa Rd (Morocco to Kinondoni)
27,"26.8°C, Clear",7.1,0.0,32,2026-08-07 14:21:49.741000+00:00,tabata_dampo,Heavy Jam,5,Tabata Road (Mandela to Segerea)
5,"26.2°C, Clear",24.0,0.0,10,2026-08-03 07:20:37.002000+00:00,goba_massana,Moderate,5,Goba Road (Massana to Goba Center)
3,"28.5°C, Clear",18.0,0.0,5,2026-08-07 13:11:27.436000+00:00,kigogo_roundabout,Smooth,2,Kawawa Rd (Kigogo Choke)
26,"24.4°C, Clear",5.2,0.0,29,2026-08-05 16:55:13.111000+00:00,mandela_buguruni,Heavy Jam,3,Mandela Rd (Port Link)
6,"27.5°C, Clear",16.7,0.0,9,2026-08-09 07:30:19.576000+00:00,mandela_buguruni,Moderate,3,Mandela Rd (Port Link)
0,"26.9°C, Clear",42.0,0.0,5,2026-08-07 07:36:41.696000+00:00,mwai_kibaki,Smooth,5,Mwai Kibaki Rd (Kawe to Mikocheni)
2,"22.6°C, Clear",30.0,0.0,7,2026-08-04 05:14:45.120000+00:00,mwai_kibaki,Smooth,5,Mwai Kibaki Rd (Kawe to Mikocheni)
1,"21.3°C, Clear",35.0,0.0,6,2026-08-05 21:36:59.662000+00:00,kilwa_mbagala,Smooth,5,Kilwa Rd (Mbagala)
0,"23.3°C, Clear",42.0,0.0,6,2026-08-08 18:24:52.129000+00:00,sam_nujoma,Smooth,6,Sam Nujoma Rd (Mwenge-Ubungo)
5,"28.0°C, Clear",22.8,0.0,10,2026-08-06 07:57:43.176000+00:00,tabata_dampo,Moderate,5,Tabata Road (Mandela to Segerea)
2,"23.0°C, Rainy",31.5,0.6,8,2026-08-08 09:08:49.475000+00:00,sam_nujoma,Smooth,6,Sam Nujoma Rd (Mwenge-Ubungo)
3,"25.5°C, Clear",18.0,0.0,5,2026-08-04 15:39:35.613000+00:00,kigogo_roundabout,Smooth,2,Kawawa Rd (Kigogo Choke)
5,"29.4°C, Clear",21.3,0.0,9,2026-08-04 10:42:40.714000+00:00,uhuru_street,Moderate,4,Uhuru Street (Ilala-Town)
4,"29.1°C, Clear",24.0,0.0,8,2026-08-09 11:00:36.391000+00:00,uhuru_street,Moderate,4,Uhuru Street (Ilala)
0,"26.0°C, Cloudy",45.5,0.1,29,2026-08-08 10:01:38.766000+00:00,posta_to_tegeta,Smooth,29,Mega-Route: Posta to Tegeta (Bagamoyo Rd)
3,"26.8°C, Clear",18.0,0.0,5,2026-08-07 14:21:49.974000+00:00,kigogo_roundabout,Smooth,2,Kawawa Rd (Kigogo Choke)
6,"28.5°C, Clear",9.0,0.0,8,2026-08-03 11:21:39.327000+00:00,fire_upanga,Moderate,2,UN Road (Fire to Upanga)
13,"26.7°C, Clear",31.4,0.0,42,2026-08-06 06:44:17.838000+00:00,posta_to_tegeta,Heavy Jam,29,Mega-Route: Posta to Tegeta (Bagamoyo Rd)
4,"28.1°C, Cloudy",12.0,0.1,6,2026-08-09 10:03:24.956000+00:00,fire_upanga,Moderate,2,UN Road (Fire to Upanga)
2,"27.1°C, Clear",22.5,0.0,4,2026-08-09 07:30:19.778000+00:00,mwenge,Smooth,2,Bagamoyo Rd (Mwenge)
1,"25.4°C, Clear",30.0,0.0,3,2026-08-08 15:24:24.988000+00:00,kamata_gerezani,Smooth,2,Kamata / Gerezani (Port Entry)
1,"25.2°C, Clear",30.0,0.0,3,2026-08-08 15:24:24.017000+00:00,old_bagamoyo,Smooth,2,Old Bagamoyo Rd (Victoria)
5,"25.2°C, Clear",22.8,0.0,10,2026-08-08 06:03:54.861000+00:00,tabata_dampo,Moderate,5,Tabata Road (Mandela to Segerea)
0,"25.2°C, Clear",42.0,0.0,6,2026-08-08 15:24:23.645000+00:00,sam_nujoma,Smooth,6,Sam Nujoma Rd (Mwenge-Ubungo)
2,"26.9°C, Clear",27.0,0.0,4,2026-08-08 10:58:50.695000+00:00,ubungo,Smooth,2,Morogoro Rd (Ubungo)
4,"26.9°C, Clear",24.0,0.0,8,2026-08-08 07:28:06.472000+00:00,uhuru_street,Moderate,4,Uhuru Street (Ilala)
0,"28.3°C, Clear",45.7,0.0,23,2026-08-06 07:57:43.166000+00:00,posta_to_kimara,Smooth,23,Mega-Route: Posta to Kimara (Morogoro Rd)
10,"25.2°C, Clear",9.0,0.0,12,2026-08-03 06:25:28.324000+00:00,ubungo,Heavy Jam,2,Morogoro Rd (Ubungo)
6,"23.6°C, Clear",16.7,0.0,9,2026-08-03 16:43:11.351000+00:00,changombe_road,Moderate,3,Chang'ombe Road (Temeke)
0,"27.9°C, Clear",42.0,0.0,5,2026-08-08 11:55:17.295000+00:00,mwai_kibaki,Smooth,5,Mwai Kibaki Rd (Kawe to Mikocheni)
5,"27.7°C, Clear",22.8,0.0,10,2026-08-09 08:09:45.709000+00:00,tabata_dampo,Moderate,5,Tabata Road (Mandela to Segerea)
5,"26.9°C, Clear",24.0,0.0,10,2026-08-07 07:36:41.938000+00:00,goba_massana,Moderate,5,Goba Road (Massana to Goba Center)
4,"28.1°C, Cloudy",24.0,0.1,8,2026-08-09 10:03:23.972000+00:00,uhuru_street,Moderate,4,Uhuru Street (Ilala)
27,"25.1°C, Clear",7.1,0.0,32,2026-08-07 15:46:51.090000+00:00,tabata_dampo,Heavy Jam,5,Tabata Road (Mandela to Segerea)
3,"27.4°C, Cloudy",18.0,0.1,5,2026-08-07 13:46:53.526000+00:00,kigogo_roundabout,Smooth,2,Kawawa Rd (Kigogo Choke)
0,"22.6°C, Clear",42.0,0.0,6,2026-08-03 20:26:53.256000+00:00,sam_nujoma,Smooth,6,Sam Nujoma Rd (Mwenge-Ubungo)
2,"22.4°C, Clear",22.5,0.0,4,2026-08-05 05:14:30.614000+00:00,old_bagamoyo,Smooth,2,Old Bagamoyo Rd (Victoria)
11,"23.6°C, Clear",8.6,0.0,14,2026-08-06 05:16:23.853000+00:00,morocco_intersection,Heavy Jam,3,Kawawa Rd (Morocco to Kinondoni)
1,"27.0°C, Cloudy",30.0,0.1,3,2026-08-08 08:06:35.577000+00:00,old_bagamoyo,Smooth,2,Old Bagamoyo Rd (Victoria)
2,"25.7°C, Clear",22.5,0.0,4,2026-08-09 15:00:20.194000+00:00,mwenge,Smooth,2,Bagamoyo Rd (Mwenge)
11,"24.6°C, Clear",8.6,0.0,14,2026-08-07 05:59:54.794000+00:00,morocco_intersection,Heavy Jam,3,Kawawa Rd (Morocco to Kinondoni)
5,"27.1°C, Clear",24.0,0.0,10,2026-08-07 07:58:58.109000+00:00,goba_massana,Moderate,5,Goba Road (Massana to Goba Center)
5,"25.3°C, Clear",22.8,0.0,10,2026-08-09 15:15:26.551000+00:00,tabata_dampo,Moderate,5,Tabata Road (Mandela to Segerea)
1,"27.3°C, Clear",30.0,0.0,3,2026-08-04 07:57:08.869000+00:00,kamata_gerezani,Smooth,2,Kamata / Gerezani (Port Entry)
2,"23.0°C, Rainy",22.5,0.6,4,2026-08-08 09:08:50.395000+00:00,old_bagamoyo,Smooth,2,Old Bagamoyo Rd (Victoria)
27,"26.9°C, Cloudy",7.5,0.1,32,2026-08-07 13:46:53.984000+00:00,goba_massana,Heavy Jam,5,Goba Road (Massana to Goba Center)
2,"28.5°C, Clear",22.5,0.0,4,2026-08-07 09:40:09.355000+00:00,kigogo_roundabout,Smooth,2,Kawawa Rd (Kigogo Choke)
5,"24.1°C, Clear",24.0,0.0,10,2026-08-08 16:22:39.162000+00:00,goba_massana,Moderate,5,Goba Road (Massana to Goba Center)
11,"23.7°C, Clear",7.8,0.0,13,2026-08-03 05:40:04.904000+00:00,tazara,Heavy Jam,2,Nyerere Rd (Tazara)
5,"27.1°C, Clear",22.8,0.0,10,2026-08-07 07:58:57.393000+00:00,tabata_dampo,Moderate,5,Tabata Road (Mandela to Segerea)
2,"27.1°C, Clear",21.0,0.0,4,2026-08-03 07:51:24.213000+00:00,selander,Smooth,2,Ali Hassan Mwinyi
0,"24.5°C, Clear",45.5,0.0,29,2026-08-08 16:13:09.687000+00:00,posta_to_tegeta,Smooth,29,Mega-Route: Posta to Tegeta (Bagamoyo Rd)
5,"26.6°C, Clear",12.0,0.0,7,2026-08-03 14:00:40.505000+00:00,selander,Moderate,2,Ali Hassan Mwinyi
2,"21.9°C, Clear",30.0,0.0,7,2026-08-08 19:07:24.439000+00:00,kilwa_mbagala,Smooth,5,Kilwa Rd (Mbagala)
0,"28.5°C, Clear",45.7,0.0,23,2026-08-08 11:55:16.664000+00:00,posta_to_kimara,Smooth,23,Mega-Route: Posta to Kimara (Morogoro Rd)
2,"23.1°C, Rainy",22.5,0.7,4,2026-08-08 09:08:50.651000+00:00,kamata_gerezani,Smooth,2,Kamata / Gerezani (Port Entry)
0,"27.7°C, Clear",45.0,0.0,24,2026-08-05 07:58:13.383000+00:00,posta_to_gongolamboto,Smooth,24,Mega-Route: Posta to Gongo la Mboto (Nyerere Rd)
2,"28.8°C, Clear",41.5,0.0,26,2026-08-07 09:40:09.284000+00:00,posta_to_gongolamboto,Smooth,24,Mega-Route: Posta to Gongo la Mboto (Nyerere Rd)
1,"23.1°C, Clear",30.0,0.0,3,2026-08-03 18:50:31.939000+00:00,old_bagamoyo,Smooth,2,Old Bagamoyo Rd (Victoria)
26,"25.2°C, Clear",5.2,0.0,29,2026-08-04 15:39:34.013000+00:00,mandela_buguruni,Heavy Jam,3,Mandela Rd (Port Link)
2,"23.4°C, Clear",30.0,0.0,5,2026-08-04 17:20:21.073000+00:00,changombe_road,Smooth,3,Chang'ombe Road (Temeke)
5,"26.6°C, Cloudy",22.8,0.1,10,2026-08-08 07:28:07.784000+00:00,tabata_dampo,Moderate,5,Tabata Road (Mandela to Segerea)
1,"22.6°C, Clear",36.0,0.0,3,2026-08-03 20:26:53.091000+00:00,ubungo,Smooth,2,Morogoro Rd (Ubungo)
3,"26.8°C, Clear",26.2,0.0,8,2026-08-07 14:21:50.187000+00:00,mwai_kibaki,Smooth,5,Mwai Kibaki Rd (Kawe to Mikocheni)
0,"24.2°C, Clear",42.0,0.0,5,2026-08-08 16:22:38.919000+00:00,mwai_kibaki,Smooth,5,Mwai Kibaki Rd (Kawe to Mikocheni)
1,"28.5°C, Clear",35.0,0.0,6,2026-08-07 09:40:09.833000+00:00,mwai_kibaki,Smooth,5,Mwai Kibaki Rd (Kawe to Mikocheni)
3,"26.7°C, Clear",18.0,0.0,5,2026-08-05 15:12:31.666000+00:00,kigogo_roundabout,Smooth,2,Kawawa Rd (Kigogo Choke)
2,"28.2°C, Clear",30.0,0.0,5,2026-08-06 12:55:06.784000+00:00,changombe_road,Smooth,3,Chang'ombe Road (Temeke)
4,"23.1°C, Rainy",21.4,0.7,7,2026-08-08 09:08:50.687000+00:00,changombe_road,Moderate,3,Chang'ombe Road (Temeke)
0,"27.1°C, Clear",42.0,0.0,6,2026-08-03 07:51:24.559000+00:00,sam_nujoma,Smooth,6,Sam Nujoma Rd (Mwenge-Ubungo)
1,"26.0°C, Cloudy",30.0,0.1,3,2026-08-08 10:01:40.260000+00:00,kamata_gerezani,Smooth,2,Kamata / Gerezani (Port Entry)
10,"26.2°C, Clear",16.0,0.0,15,2026-08-06 06:44:18.750000+00:00,goba_massana,Heavy Jam,5,Goba Road (Massana to Goba Center)
0,"26.0°C, Clear",45.7,0.0,23,2026-08-08 14:56:42.445000+00:00,posta_to_kimara,Smooth,23,Mega-Route: Posta to Kimara (Morogoro Rd)
2,"28.1°C, Clear",30.0,0.0,7,2026-08-08 12:30:31.430000+00:00,kilwa_mbagala,Smooth,5,Kilwa Rd (Mbagala)
6,"28.1°C, Cloudy",16.7,0.1,9,2026-08-09 10:03:24.247000+00:00,mandela_buguruni,Moderate,3,Mandela Rd (Port Link)
5,"26.5°C, Clear",22.8,0.0,10,2026-08-03 07:20:36.140000+00:00,tabata_dampo,Moderate,5,Tabata Road (Mandela to Segerea)
5,"28.5°C, Clear",37.5,0.0,28,2026-08-03 11:21:38.740000+00:00,posta_to_kimara,Moderate,23,Mega-Route: Posta to Kimara (Morogoro Rd)
1,"29.4°C, Clear",30.0,0.0,4,2026-08-06 10:44:45.669000+00:00,sinza_mori,Smooth,3,Sinza Road (Mori to Bamaga)
12,"24.6°C, Clear",7.3,0.0,14,2026-08-07 05:59:54.315000+00:00,tazara,Heavy Jam,2,Nyerere Rd (Tazara)
4,"23.7°C, Clear",13.2,0.0,5,2026-08-03 16:43:10.095000+00:00,kariakoo,Moderate,1,Kariakoo Market Grid
6,"28.4°C, Clear",16.7,0.0,9,2026-08-09 12:33:29.665000+00:00,mandela_buguruni,Moderate,3,Mandela Rd (Port Link)
0,"28.5°C, Clear",45.0,0.0,24,2026-08-08 11:55:16.701000+00:00,posta_to_gongolamboto,Smooth,24,Mega-Route: Posta to Gongo la Mboto (Nyerere Rd)
4,"25.5°C, Clear",14.0,0.0,6,2026-08-04 15:39:33.638000+00:00,selander,Moderate,2,Ali Hassan Mwinyi
2,"23.7°C, Clear",22.5,0.0,4,2026-08-07 18:42:41.689000+00:00,mwenge,Smooth,2,Bagamoyo Rd (Mwenge)
5,"26.2°C, Clear",15.0,0.0,8,2026-08-07 14:46:46.970000+00:00,morocco_intersection,Moderate,3,Kawawa Rd (Morocco to Kinondoni)
2,"28.7°C, Clear",24.0,0.0,5,2026-08-05 13:15:46.543000+00:00,sinza_mori,Smooth,3,Sinza Road (Mori to Bamaga)
1,"28.7°C, Clear",30.0,0.0,3,2026-08-09 11:00:38.468000+00:00,kigogo_roundabout,Smooth,2,Kawawa Rd (Kigogo Choke)
0,"22.5°C, Clear",45.7,0.0,23,2026-08-04 19:00:32.120000+00:00,posta_to_kimara,Smooth,23,Mega-Route: Posta to Kimara (Morogoro Rd)
2,"26.0°C, Clear",30.0,0.0,5,2026-08-08 14:56:42.526000+00:00,changombe_road,Smooth,3,Chang'ombe Road (Temeke)
0,"28.7°C, Clear",42.0,0.0,5,2026-08-09 11:00:38.686000+00:00,mwai_kibaki,Smooth,5,Mwai Kibaki Rd (Kawe to Mikocheni)
3,"28.3°C, Cloudy",21.6,0.1,5,2026-08-05 09:04:47.879000+00:00,ubungo,Smooth,2,Morogoro Rd (Ubungo)
0,"26.5°C, Clear",45.0,0.0,24,2026-08-08 14:24:25.196000+00:00,posta_to_gongolamboto,Smooth,24,Mega-Route: Posta to Gongo la Mboto (Nyerere Rd)
0,"22.8°C, Clear",40.0,0.0,3,2026-08-05 21:37:00.713000+00:00,sinza_mori,Smooth,3,Sinza Road (Mori to Bamaga)
6,"26.5°C, Clear",16.7,0.0,9,2026-08-03 14:00:41.080000+00:00,changombe_road,Moderate,3,Chang'ombe Road (Temeke)
24,"28.5°C, Clear",5.6,0.0,27,2026-08-04 13:01:50.803000+00:00,mandela_buguruni,Heavy Jam,3,Mandela Rd (Port Link)
11,"23.7°C, Clear",8.6,0.0,14,2026-08-03 05:40:08.918000+00:00,morocco_intersection,Heavy Jam,3,Kawawa Rd (Morocco to Kinondoni)
6,"26.7°C, Clear",36.0,0.0,30,2026-08-06 06:44:18.088000+00:00,posta_to_gongolamboto,Moderate,24,Mega-Route: Posta to Gongo la Mboto (Nyerere Rd)
2,"23.9°C, Clear",24.0,0.0,5,2026-08-07 17:41:57.302000+00:00,morocco_intersection,Smooth,3,Kawawa Rd (Morocco to Kinondoni)
1,"21.6°C, Clear",36.0,0.0,3,2026-08-04 21:55:22.150000+00:00,ubungo,Smooth,2,Morogoro Rd (Ubungo)
1,"23.7°C, Clear",30.0,0.0,3,2026-08-04 17:20:21.333000+00:00,kigogo_roundabout,Smooth,2,Kawawa Rd (Kigogo Choke)
1,"22.5°C, Clear",37.5,0.0,4,2026-08-05 22:41:14.508000+00:00,changombe_road,Smooth,3,Chang'ombe Road (Temeke)
8,"28.5°C, Clear",16.0,0.0,12,2026-08-05 13:15:45.290000+00:00,uhuru_street,Heavy Jam,4,Uhuru Street (Ilala)
47,"28.5°C, Clear",15.0,0.0,70,2026-08-05 13:15:46.007000+00:00,posta_to_kimara,Heavy Jam,23,Mega-Route: Posta to Kimara (Morogoro Rd)
2,"26.6°C, Cloudy",27.0,0.1,4,2026-08-08 07:28:06.151000+00:00,ubungo,Smooth,2,Morogoro Rd (Ubungo)
2,"25.2°C, Clear",24.0,0.0,5,2026-08-08 06:03:54.974000+00:00,morocco_intersection,Smooth,3,Kawawa Rd (Morocco to Kinondoni)
9,"22.4°C, Clear",16.3,0.0,14,2026-08-05 05:14:31.715000+00:00,tabata_dampo,Heavy Jam,5,Tabata Road (Mandela to Segerea)
5,"24.7°C, Clear",24.0,0.0,10,2026-08-09 06:08:50.018000+00:00,goba_massana,Moderate,5,Goba Road (Massana to Goba Center)
1,"22.0°C, Clear",30.0,0.0,3,2026-08-04 20:38:56.967000+00:00,kigogo_roundabout,Smooth,2,Kawawa Rd (Kigogo Choke)
4,"29.0°C, Clear",12.0,0.0,6,2026-08-07 12:06:21.018000+00:00,fire_upanga,Moderate,2,UN Road (Fire to Upanga)
3,"29.0°C, Clear",20.4,0.0,5,2026-08-07 12:06:19.394000+00:00,tazara,Smooth,2,Nyerere Rd (Tazara)
0,"28.0°C, Clear",45.0,0.0,24,2026-08-09 08:09:45.702000+00:00,posta_to_gongolamboto,Smooth,24,Mega-Route: Posta to Gongo la Mboto (Nyerere Rd)
2,"23.7°C, Clear",22.5,0.0,4,2026-08-05 18:21:00.105000+00:00,mwenge,Smooth,2,Bagamoyo Rd (Mwenge)
0,"27.2°C, Clear",45.5,0.0,29,2026-08-08 13:39:21.610000+00:00,posta_to_tegeta,Smooth,29,Mega-Route: Posta to Tegeta (Bagamoyo Rd)
0,"26.8°C, Clear",45.5,0.0,29,2026-08-07 07:36:40.736000+00:00,posta_to_tegeta,Smooth,29,Mega-Route: Posta to Tegeta (Bagamoyo Rd)
2,"27.9°C, Clear",27.0,0.0,4,2026-08-08 11:55:16.410000+00:00,ubungo,Smooth,2,Morogoro Rd (Ubungo)
5,"28.3°C, Clear",24.0,0.0,10,2026-08-09 11:00:39.069000+00:00,goba_massana,Moderate,5,Goba Road (Massana to Goba Center)
0,"27.8°C, Clear",42.0,0.0,6,2026-08-08 11:29:24.865000+00:00,sam_nujoma,Smooth,6,Sam Nujoma Rd (Mwenge-Ubungo)
4,"20.8°C, Clear",24.0,0.0,8,2026-08-09 04:12:13.617000+00:00,uhuru_street,Moderate,4,Uhuru Street (Ilala)
7,"25.2°C, Clear",34.8,0.0,31,2026-08-03 06:25:29.687000+00:00,posta_to_gongolamboto,Moderate,24,Mega-Route: Posta to Gongo la Mboto (Nyerere Rd)
3,"28.9°C, Clear",20.4,0.0,5,2026-08-09 11:53:55.486000+00:00,tazara,Smooth,2,Nyerere Rd (Tazara)
1,"24.4°C, Clear",30.0,0.0,4,2026-08-08 16:13:10.981000+00:00,sinza_mori,Smooth,3,Sinza Road (Mori to Bamaga)
8,"25.1°C, Clear",7.2,0.0,10,2026-08-07 15:46:51.477000+00:00,fire_upanga,Heavy Jam,2,UN Road (Fire to Upanga)
5,"27.8°C, Clear",24.0,0.0,10,2026-08-09 12:33:31.776000+00:00,goba_massana,Moderate,5,Goba Road (Massana to Goba Center)
3,"23.7°C, Clear",28.0,0.0,9,2026-08-03 16:43:10.236000+00:00,sam_nujoma,Smooth,6,Sam Nujoma Rd (Mwenge-Ubungo)
0,"26.0°C, Cloudy",45.7,0.1,23,2026-08-08 10:01:40.047000+00:00,posta_to_kimara,Smooth,23,Mega-Route: Posta to Kimara (Morogoro Rd)
1,"25.3°C, Clear",30.0,0.0,3,2026-08-09 15:15:26.168000+00:00,old_bagamoyo,Smooth,2,Old Bagamoyo Rd (Victoria)
3,"23.0°C, Rainy",21.6,0.6,5,2026-08-08 09:08:49.617000+00:00,ubungo,Smooth,2,Morogoro Rd (Ubungo)
1,"28.9°C, Cloudy",30.0,0.1,4,2026-08-07 12:06:21.034000+00:00,sinza_mori,Smooth,3,Sinza Road (Mori to Bamaga)
0,"21.6°C, Clear",45.0,0.0,2,2026-08-04 21:55:23.317000+00:00,kigogo_roundabout,Smooth,2,Kawawa Rd (Kigogo Choke)
5,"27.1°C, Cloudy",22.8,0.1,10,2026-08-08 12:30:31.762000+00:00,tabata_dampo,Moderate,5,Tabata Road (Mandela to Segerea)
2,"21.3°C, Clear",21.0,0.0,4,2026-08-03 04:15:25.469000+00:00,selander,Smooth,2,Ali Hassan Mwinyi
1,"21.3°C, Clear",30.0,0.0,3,2026-08-03 04:15:28.751000+00:00,kigogo_roundabout,Smooth,2,Kawawa Rd (Kigogo Choke)
0,"24.7°C, Clear",42.0,0.0,6,2026-08-09 06:08:48.790000+00:00,sam_nujoma,Smooth,6,Sam Nujoma Rd (Mwenge-Ubungo)
7,"28.2°C, Clear",17.5,0.0,12,2026-08-07 13:11:25.844000+00:00,kilwa_mbagala,Moderate,5,Kilwa Rd (Mbagala)
2,"27.2°C, Clear",30.0,0.0,5,2026-08-08 13:39:22.230000+00:00,changombe_road,Smooth,3,Chang'ombe Road (Temeke)
1,"23.7°C, Clear",30.0,0.0,3,2026-08-07 18:42:43.103000+00:00,kamata_gerezani,Smooth,2,Kamata / Gerezani (Port Entry)
5,"28.5°C, Clear",18.8,0.0,8,2026-08-05 13:15:46.412000+00:00,changombe_road,Moderate,3,Chang'ombe Road (Temeke)
4,"25.4°C, Clear",12.0,0.0,6,2026-08-08 15:24:25.411000+00:00,fire_upanga,Moderate,2,UN Road (Fire to Upanga)
2,"27.7°C, Clear",22.5,0.0,4,2026-08-07 08:38:19.591000+00:00,mwenge,Smooth,2,Bagamoyo Rd (Mwenge)
1,"21.1°C, Clear",35.0,0.0,6,2026-08-03 20:26:54.062000+00:00,kilwa_mbagala,Smooth,5,Kilwa Rd (Mbagala)
0,"24.3°C, Clear",45.7,0.0,23,2026-08-08 16:22:38.485000+00:00,posta_to_kimara,Smooth,23,Mega-Route: Posta to Kimara (Morogoro Rd)
0,"23.0°C, Clear",45.5,0.0,29,2026-08-05 20:12:51.818000+00:00,posta_to_tegeta,Smooth,29,Mega-Route: Posta to Tegeta (Bagamoyo Rd)
2,"28.5°C, Clear",24.0,0.0,5,2026-08-07 09:40:09.669000+00:00,sinza_mori,Smooth,3,Sinza Road (Mori to Bamaga)
0,"27.7°C, Clear",45.5,0.0,29,2026-08-05 07:58:13.172000+00:00,posta_to_tegeta,Smooth,29,Mega-Route: Posta to Tegeta (Bagamoyo Rd)
4,"28.4°C, Clear",17.1,0.0,7,2026-08-03 11:21:39.019000+00:00,morocco_intersection,Moderate,3,Kawawa Rd (Morocco to Kinondoni)
2,"23.7°C, Clear",27.0,0.0,4,2026-08-07 18:42:42.635000+00:00,ubungo,Smooth,2,Morogoro Rd (Ubungo)
2,"26.9°C, Clear",22.5,0.0,4,2026-08-08 10:58:50.955000+00:00,mwenge,Smooth,2,Bagamoyo Rd (Mwenge)
4,"29.0°C, Clear",24.0,0.0,8,2026-08-07 12:06:19.971000+00:00,uhuru_street,Moderate,4,Uhuru Street (Ilala)
5,"21.5°C, Clear",18.8,0.0,8,2026-08-04 21:55:21.539000+00:00,mandela_buguruni,Moderate,3,Mandela Rd (Port Link)
2,"27.4°C, Clear",30.0,0.0,7,2026-08-09 07:30:18.892000+00:00,kilwa_mbagala,Smooth,5,Kilwa Rd (Mbagala)
1,"23.4°C, Clear",37.5,0.0,4,2026-08-07 19:45:48.531000+00:00,changombe_road,Smooth,3,Chang'ombe Road (Temeke)
8,"25.2°C, Clear",16.0,0.0,12,2026-08-04 15:39:34.815000+00:00,uhuru_street,Heavy Jam,4,Uhuru Street (Ilala-Town)
2,"23.7°C, Clear",27.0,0.0,4,2026-08-04 17:20:20.162000+00:00,ubungo,Smooth,2,Morogoro Rd (Ubungo)
5,"21.6°C, Clear",18.8,0.0,8,2026-08-07 00:40:18.835000+00:00,mandela_buguruni,Moderate,3,Mandela Rd (Port Link)
2,"29.4°C, Clear",22.5,0.0,4,2026-08-06 10:44:43.596000+00:00,old_bagamoyo,Smooth,2,Old Bagamoyo Rd (Victoria)
1,"27.1°C, Clear",30.0,0.0,3,2026-08-07 07:58:57.395000+00:00,kamata_gerezani,Smooth,2,Kamata / Gerezani (Port Entry)
4,"25.8°C, Clear",12.0,0.0,6,2026-08-09 15:00:21.465000+00:00,fire_upanga,Moderate,2,UN Road (Fire to Upanga)
6,"27.9°C, Clear",16.7,0.0,9,2026-08-08 10:58:50.981000+00:00,mandela_buguruni,Moderate,3,Mandela Rd (Port Link)
7,"23.1°C, Rainy",17.5,0.7,11,2026-08-08 09:08:49.217000+00:00,uhuru_street,Moderate,4,Uhuru Street (Ilala)
12,"22.6°C, Clear",8.0,0.0,15,2026-08-04 05:14:44.779000+00:00,morocco_intersection,Heavy Jam,3,Kawawa Rd (Morocco to Kinondoni)
1,"27.7°C, Clear",30.0,0.0,3,2026-08-07 08:38:18.184000+00:00,old_bagamoyo,Smooth,2,Old Bagamoyo Rd (Victoria)
5,"28.5°C, Clear",15.4,0.0,7,2026-08-07 13:11:25.390000+00:00,ubungo,Moderate,2,Morogoro Rd (Ubungo)
9,"29.4°C, Clear",12.5,0.0,12,2026-08-04 10:42:39.911000+00:00,mandela_buguruni,Heavy Jam,3,Mandela Rd (Port Link)
0,"23.4°C, Clear",45.7,0.0,23,2026-08-08 18:24:52.640000+00:00,posta_to_kimara,Smooth,23,Mega-Route: Posta to Kimara (Morogoro Rd)
3,"28.5°C, Clear",26.2,0.0,8,2026-08-07 13:11:27.706000+00:00,mwai_kibaki,Smooth,5,Mwai Kibaki Rd (Kawe to Mikocheni)
1,"21.6°C, Clear",30.0,0.0,4,2026-08-04 21:55:23.053000+00:00,morocco_intersection,Smooth,3,Kawawa Rd (Morocco to Kinondoni)
0,"28.2°C, Clear",45.0,0.0,24,2026-08-06 12:55:06.681000+00:00,posta_to_gongolamboto,Smooth,24,Mega-Route: Posta to Gongo la Mboto (Nyerere Rd)
9,"24.6°C, Clear",8.2,0.0,11,2026-08-07 05:59:53.061000+00:00,mwenge,Heavy Jam,2,Bagamoyo Rd (Mwenge)
2,"23.7°C, Clear",22.5,0.0,4,2026-08-03 05:40:03.179000+00:00,old_bagamoyo,Smooth,2,Old Bagamoyo Rd (Victoria)
0,"22.1°C, Clear",42.0,0.0,6,2026-08-03 21:46:37.674000+00:00,sam_nujoma,Smooth,6,Sam Nujoma Rd (Mwenge-Ubungo)
40,"24.4°C, Clear",16.9,0.0,64,2026-08-07 16:43:45.281000+00:00,posta_to_gongolamboto,Heavy Jam,24,Mega-Route: Posta to Gongo la Mboto (Nyerere Rd)
2,"27.1°C, Clear",27.0,0.0,4,2026-08-07 07:58:56.637000+00:00,ubungo,Smooth,2,Morogoro Rd (Ubungo)
1,"28.7°C, Clear",30.0,0.0,4,2026-08-09 11:00:38.728000+00:00,sinza_mori,Smooth,3,Sinza Road (Mori to Bamaga)
4,"27.5°C, Clear",24.0,0.0,8,2026-08-09 07:30:18.643000+00:00,uhuru_street,Moderate,4,Uhuru Street (Ilala)
2,"21.0°C, Clear",21.0,0.0,4,2026-08-09 04:12:12.731000+00:00,selander,Smooth,2,Ali Hassan Mwinyi
8,"28.5°C, Clear",7.2,0.0,10,2026-08-05 13:15:46.500000+00:00,fire_upanga,Heavy Jam,2,UN Road (Fire to Upanga)
2,"23.7°C, Clear",21.0,0.0,4,2026-08-05 18:20:59.947000+00:00,selander,Smooth,2,Ali Hassan Mwinyi
5,"27.3°C, Clear",18.8,0.0,8,2026-08-04 07:57:07.407000+00:00,mandela_buguruni,Moderate,3,Mandela Rd (Port Link)
6,"27.6°C, Clear",19.1,0.0,11,2026-08-04 13:01:51.080000+00:00,kilwa_mbagala,Moderate,5,Kilwa Rd (Mbagala)
0,"27.8°C, Clear",42.0,0.0,5,2026-08-08 11:29:26.008000+00:00,mwai_kibaki,Smooth,5,Mwai Kibaki Rd (Kawe to Mikocheni)
1,"25.2°C, Clear",30.0,0.0,3,2026-08-08 06:03:54.133000+00:00,old_bagamoyo,Smooth,2,Old Bagamoyo Rd (Victoria)
1,"27.9°C, Clear",30.0,0.0,4,2026-08-07 08:50:34.713000+00:00,sinza_mori,Smooth,3,Sinza Road (Mori to Bamaga)
2,"27.1°C, Clear",24.0,0.0,5,2026-08-09 07:30:20.109000+00:00,morocco_intersection,Smooth,3,Kawawa Rd (Morocco to Kinondoni)
0,"26.9°C, Clear",42.0,0.0,6,2026-08-08 10:58:50.942000+00:00,sam_nujoma,Smooth,6,Sam Nujoma Rd (Mwenge-Ubungo)
2,"23.0°C, Clear",30.0,0.0,7,2026-08-08 05:13:54.980000+00:00,kilwa_mbagala,Smooth,5,Kilwa Rd (Mbagala)
40,"24.4°C, Clear",16.9,0.0,64,2026-08-05 16:55:14.563000+00:00,posta_to_gongolamboto,Heavy Jam,24,Mega-Route: Posta to Gongo la Mboto (Nyerere Rd)
5,"28.7°C, Clear",15.0,0.0,8,2026-08-05 13:15:46.324000+00:00,morocco_intersection,Moderate,3,Kawawa Rd (Morocco to Kinondoni)
2,"28.0°C, Rainy",22.5,0.1,4,2026-08-05 08:38:46.227000+00:00,old_bagamoyo,Smooth,2,Old Bagamoyo Rd (Victoria)
2,"25.8°C, Clear",30.0,0.0,5,2026-08-09 15:00:21.140000+00:00,changombe_road,Smooth,3,Chang'ombe Road (Temeke)
0,"27.9°C, Clear",42.0,0.0,6,2026-08-07 08:50:32.934000+00:00,sam_nujoma,Smooth,6,Sam Nujoma Rd (Mwenge-Ubungo)
1,"26.0°C, Clear",30.0,0.0,3,2026-08-08 14:56:42.487000+00:00,kamata_gerezani,Smooth,2,Kamata / Gerezani (Port Entry)
1,"20.6°C, Clear",35.0,0.0,6,2026-08-04 20:38:56.086000+00:00,kilwa_mbagala,Smooth,5,Kilwa Rd (Mbagala)
3,"26.2°C, Clear",26.2,0.0,8,2026-08-06 15:12:23.552000+00:00,mwai_kibaki,Smooth,5,Mwai Kibaki Rd (Kawe to Mikocheni)
1,"27.0°C, Cloudy",30.0,0.1,3,2026-08-08 08:06:36.313000+00:00,kigogo_roundabout,Smooth,2,Kawawa Rd (Kigogo Choke)
1,"27.3°C, Clear",30.0,0.0,3,2026-08-06 07:19:00.490000+00:00,old_bagamoyo,Smooth,2,Old Bagamoyo Rd (Victoria)
0,"27.0°C, Clear",45.0,0.0,24,2026-08-08 08:06:36.089000+00:00,posta_to_gongolamboto,Smooth,24,Mega-Route: Posta to Gongo la Mboto (Nyerere Rd)
4,"22.8°C, Clear",12.0,0.0,6,2026-08-08 19:51:30.731000+00:00,fire_upanga,Moderate,2,UN Road (Fire to Upanga)
5,"21.9°C, Clear",18.8,0.0,8,2026-08-04 20:38:56.058000+00:00,mandela_buguruni,Moderate,3,Mandela Rd (Port Link)
3,"23.6°C, Clear",27.4,0.0,7,2026-08-05 18:21:00.792000+00:00,uhuru_street,Smooth,4,Uhuru Street (Ilala)
5,"28.3°C, Rainy",21.3,0.1,9,2026-08-05 08:38:47.322000+00:00,uhuru_street,Moderate,4,Uhuru Street (Ilala-Town)
11,"25.2°C, Clear",8.6,0.0,14,2026-08-03 06:25:30.019000+00:00,morocco_intersection,Heavy Jam,3,Kawawa Rd (Morocco to Kinondoni)
15,"20.9°C, Clear",10.5,0.0,20,2026-08-07 04:25:08.536000+00:00,kilwa_mbagala,Heavy Jam,5,Kilwa Rd (Mbagala)
6,"28.1°C, Cloudy",16.7,0.1,9,2026-08-09 09:09:30.382000+00:00,mandela_buguruni,Moderate,3,Mandela Rd (Port Link)
3,"28.4°C, Clear",25.0,0.0,6,2026-08-07 09:21:18.376000+00:00,changombe_road,Smooth,3,Chang'ombe Road (Temeke)
2,"21.0°C, Clear",24.0,0.0,5,2026-08-09 04:12:13.988000+00:00,morocco_intersection,Smooth,3,Kawawa Rd (Morocco to Kinondoni)
5,"22.5°C, Clear",18.8,0.0,8,2026-08-05 22:41:14.270000+00:00,mandela_buguruni,Moderate,3,Mandela Rd (Port Link)
1,"22.7°C, Clear",30.0,0.0,3,2026-08-05 22:41:13.407000+00:00,old_bagamoyo,Smooth,2,Old Bagamoyo Rd (Victoria)
1,"23.5°C, Clear",30.0,0.0,4,2026-08-08 17:55:14.498000+00:00,sinza_mori,Smooth,3,Sinza Road (Mori to Bamaga)
0,"27.6°C, Clear",45.5,0.0,29,2026-08-06 07:19:00.002000+00:00,posta_to_tegeta,Smooth,29,Mega-Route: Posta to Tegeta (Bagamoyo Rd)
5,"22.9°C, Clear",22.8,0.0,10,2026-08-08 19:07:24.789000+00:00,tabata_dampo,Moderate,5,Tabata Road (Mandela to Segerea)
6,"28.7°C, Clear",9.0,0.0,8,2026-08-05 09:25:30.972000+00:00,fire_upanga,Moderate,2,UN Road (Fire to Upanga)
2,"29.2°C, Clear",30.0,0.0,7,2026-08-09 11:00:36.549000+00:00,kilwa_mbagala,Smooth,5,Kilwa Rd (Mbagala)
3,"29.0°C, Clear",20.0,0.0,6,2026-08-05 10:42:56.350000+00:00,morocco_intersection,Smooth,3,Kawawa Rd (Morocco to Kinondoni)
2,"29.2°C, Cloudy",22.5,0.1,4,2026-08-07 11:14:31.805000+00:00,kigogo_roundabout,Smooth,2,Kawawa Rd (Kigogo Choke)
5,"22.8°C, Clear",24.0,0.0,10,2026-08-08 19:07:25.670000+00:00,goba_massana,Moderate,5,Goba Road (Massana to Goba Center)
2,"22.4°C, Clear",30.0,0.0,7,2026-08-05 18:21:00.804000+00:00,kilwa_mbagala,Smooth,5,Kilwa Rd (Mbagala)
2,"28.5°C, Clear",41.5,0.0,26,2026-08-03 11:21:38.775000+00:00,posta_to_gongolamboto,Smooth,24,Mega-Route: Posta to Gongo la Mboto (Nyerere Rd)
5,"26.7°C, Clear",12.0,0.0,7,2026-08-05 15:12:30.221000+00:00,selander,Moderate,2,Ali Hassan Mwinyi
1,"21.6°C, Clear",30.0,0.0,3,2026-08-08 04:07:00.176000+00:00,old_bagamoyo,Smooth,2,Old Bagamoyo Rd (Victoria)
2,"21.0°C, Clear",22.5,0.0,4,2026-08-09 04:12:13.615000+00:00,mwenge,Smooth,2,Bagamoyo Rd (Mwenge)
4,"28.0°C, Rainy",17.1,0.1,7,2026-08-05 08:38:47.952000+00:00,morocco_intersection,Moderate,3,Kawawa Rd (Morocco to Kinondoni)
0,"20.8°C, Clear",45.7,0.0,23,2026-08-09 04:12:13.855000+00:00,posta_to_kimara,Smooth,23,Mega-Route: Posta to Kimara (Morogoro Rd)
0,"28.0°C, Cloudy",45.7,0.1,23,2026-08-07 08:50:34.197000+00:00,posta_to_kimara,Smooth,23,Mega-Route: Posta to Kimara (Morogoro Rd)
1,"24.9°C, Clear",30.0,0.0,3,2026-08-09 06:08:49.096000+00:00,kamata_gerezani,Smooth,2,Kamata / Gerezani (Port Entry)
0,"25.8°C, Clear",42.0,0.0,5,2026-08-08 14:56:43.020000+00:00,mwai_kibaki,Smooth,5,Mwai Kibaki Rd (Kawe to Mikocheni)
12,"25.2°C, Clear",7.3,0.0,14,2026-08-03 06:25:28.719000+00:00,tazara,Heavy Jam,2,Nyerere Rd (Tazara)
1,"22.9°C, Clear",30.0,0.0,3,2026-08-08 19:07:25.051000+00:00,kigogo_roundabout,Smooth,2,Kawawa Rd (Kigogo Choke)
5,"25.1°C, Clear",24.0,0.0,10,2026-08-08 15:24:25.665000+00:00,goba_massana,Moderate,5,Goba Road (Massana to Goba Center)
0,"28.5°C, Clear",45.0,0.0,24,2026-08-08 11:29:25.664000+00:00,posta_to_gongolamboto,Smooth,24,Mega-Route: Posta to Gongo la Mboto (Nyerere Rd)
3,"23.1°C, Clear",28.5,0.0,8,2026-08-05 20:12:52.700000+00:00,tabata_dampo,Smooth,5,Tabata Road (Mandela to Segerea)
3,"26.5°C, Clear",20.4,0.0,5,2026-08-08 14:24:24.813000+00:00,tazara,Smooth,2,Nyerere Rd (Tazara)
1,"26.9°C, Clear",30.0,0.0,3,2026-08-08 10:58:51.494000+00:00,old_bagamoyo,Smooth,2,Old Bagamoyo Rd (Victoria)
0,"27.1°C, Clear",42.0,0.0,5,2026-08-07 07:58:57.709000+00:00,mwai_kibaki,Smooth,5,Mwai Kibaki Rd (Kawe to Mikocheni)
4,"27.4°C, Cloudy",25.2,0.1,10,2026-08-07 13:46:53.038000+00:00,sam_nujoma,Moderate,6,Sam Nujoma Rd (Mwenge-Ubungo)
0,"21.9°C, Clear",45.5,0.0,29,2026-08-04 20:38:56.399000+00:00,posta_to_tegeta,Smooth,29,Mega-Route: Posta to Tegeta (Bagamoyo Rd)
2,"29.2°C, Cloudy",24.0,0.1,5,2026-08-07 11:14:32.163000+00:00,sinza_mori,Smooth,3,Sinza Road (Mori to Bamaga)
4,"28.4°C, Clear",12.0,0.0,6,2026-08-09 12:33:30.971000+00:00,fire_upanga,Moderate,2,UN Road (Fire to Upanga)
3,"28.4°C, Clear",16.8,0.0,5,2026-08-03 11:21:37.369000+00:00,selander,Smooth,2,Ali Hassan Mwinyi
5,"26.5°C, Clear",18.8,0.0,8,2026-08-05 15:12:31.439000+00:00,changombe_road,Moderate,3,Chang'ombe Road (Temeke)
8,"21.3°C, Clear",16.0,0.0,12,2026-08-07 04:25:08.098000+00:00,uhuru_street,Heavy Jam,4,Uhuru Street (Ilala)
0,"27.6°C, Cloudy",45.0,0.1,24,2026-08-08 12:30:31.801000+00:00,posta_to_gongolamboto,Smooth,24,Mega-Route: Posta to Gongo la Mboto (Nyerere Rd)
1,"22.9°C, Clear",30.0,0.0,3,2026-08-08 19:07:24.786000+00:00,kamata_gerezani,Smooth,2,Kamata / Gerezani (Port Entry)
9,"21.3°C, Clear",32.8,0.0,32,2026-08-07 04:25:09.848000+00:00,posta_to_kimara,Heavy Jam,23,Mega-Route: Posta to Kimara (Morogoro Rd)
2,"28.5°C, Clear",30.0,0.0,5,2026-08-08 11:55:16.732000+00:00,changombe_road,Smooth,3,Chang'ombe Road (Temeke)
3,"22.8°C, Clear",28.5,0.0,8,2026-08-05 21:37:00.298000+00:00,tabata_dampo,Smooth,5,Tabata Road (Mandela to Segerea)
2,"27.7°C, Clear",30.0,0.0,5,2026-08-09 13:42:43.622000+00:00,changombe_road,Smooth,3,Chang'ombe Road (Temeke)
0,"25.2°C, Clear",42.0,0.0,5,2026-08-08 06:03:55.424000+00:00,mwai_kibaki,Smooth,5,Mwai Kibaki Rd (Kawe to Mikocheni)
5,"27.4°C, Cloudy",12.9,0.1,7,2026-08-07 13:46:51.940000+00:00,mwenge,Moderate,2,Bagamoyo Rd (Mwenge)
4,"26.8°C, Clear",12.0,0.0,6,2026-08-07 07:36:41.685000+00:00,fire_upanga,Moderate,2,UN Road (Fire to Upanga)
2,"21.6°C, Clear",25.5,0.0,4,2026-08-07 00:40:18.911000+00:00,tazara,Smooth,2,Nyerere Rd (Tazara)
2,"24.7°C, Cloudy",27.0,0.1,4,2026-08-08 10:01:38.307000+00:00,ubungo,Smooth,2,Morogoro Rd (Ubungo)
27,"25.9°C, Clear",7.5,0.0,32,2026-08-07 14:46:47.756000+00:00,goba_massana,Heavy Jam,5,Goba Road (Massana to Goba Center)
1,"25.8°C, Clear",30.0,0.0,4,2026-08-08 14:56:43.052000+00:00,sinza_mori,Smooth,3,Sinza Road (Mori to Bamaga)
2,"22.1°C, Clear",22.0,0.0,3,2026-08-03 21:46:37.690000+00:00,kariakoo,Smooth,1,Kariakoo Market Grid
2,"27.1°C, Clear",30.0,0.0,7,2026-08-08 07:28:06.464000+00:00,kilwa_mbagala,Smooth,5,Kilwa Rd (Mbagala)
0,"23.7°C, Clear",45.0,0.0,24,2026-08-07 18:42:43.045000+00:00,posta_to_gongolamboto,Smooth,24,Mega-Route: Posta to Gongo la Mboto (Nyerere Rd)
4,"29.1°C, Clear",23.3,0.0,9,2026-08-06 10:44:44.712000+00:00,kilwa_mbagala,Moderate,5,Kilwa Rd (Mbagala)
2,"21.6°C, Clear",32.0,0.0,6,2026-08-07 00:40:19.347000+00:00,uhuru_street,Smooth,4,Uhuru Street (Ilala)
0,"27.1°C, Clear",42.0,0.0,5,2026-08-09 07:30:20.287000+00:00,mwai_kibaki,Smooth,5,Mwai Kibaki Rd (Kawe to Mikocheni)
0,"26.9°C, Clear",45.7,0.0,23,2026-08-08 07:28:07.768000+00:00,posta_to_kimara,Smooth,23,Mega-Route: Posta to Kimara (Morogoro Rd)
2,"26.5°C, Clear",30.0,0.0,5,2026-08-08 14:24:25.191000+00:00,changombe_road,Smooth,3,Chang'ombe Road (Temeke)
3,"29.4°C, Clear",21.6,0.0,5,2026-08-04 10:42:40.298000+00:00,ubungo,Smooth,2,Morogoro Rd (Ubungo)
9,"28.7°C, Clear",12.5,0.0,12,2026-08-05 09:25:29.678000+00:00,mandela_buguruni,Heavy Jam,3,Mandela Rd (Port Link)
7,"28.8°C, Clear",36.7,0.0,36,2026-08-07 09:40:08.272000+00:00,posta_to_tegeta,Moderate,29,Mega-Route: Posta to Tegeta (Bagamoyo Rd)
2,"23.9°C, Clear",30.0,0.0,5,2026-08-08 17:00:49.921000+00:00,changombe_road,Smooth,3,Chang'ombe Road (Temeke)
6,"29.2°C, Cloudy",9.0,0.1,8,2026-08-06 10:44:45.588000+00:00,fire_upanga,Moderate,2,UN Road (Fire to Upanga)
27,"28.0°C, Clear",7.5,0.0,32,2026-08-07 13:11:28.047000+00:00,goba_massana,Heavy Jam,5,Goba Road (Massana to Goba Center)
2,"28.1°C, Clear",21.0,0.0,4,2026-08-09 12:33:30.120000+00:00,selander,Smooth,2,Ali Hassan Mwinyi
2,"22.1°C, Clear",24.0,0.0,5,2026-08-03 21:46:39.553000+00:00,morocco_intersection,Smooth,3,Kawawa Rd (Morocco to Kinondoni)
3,"24.6°C, Clear",18.0,0.0,5,2026-08-05 16:55:14.796000+00:00,kigogo_roundabout,Smooth,2,Kawawa Rd (Kigogo Choke)
4,"21.6°C, Clear",24.0,0.0,8,2026-08-08 04:07:01.114000+00:00,uhuru_street,Moderate,4,Uhuru Street (Ilala)
3,"28.5°C, Cloudy",16.5,0.1,4,2026-08-05 09:25:29.063000+00:00,kariakoo,Smooth,1,Kariakoo Market Grid
40,"25.1°C, Clear",16.9,0.0,64,2026-08-07 15:46:50.923000+00:00,posta_to_gongolamboto,Heavy Jam,24,Mega-Route: Posta to Gongo la Mboto (Nyerere Rd)
40,"27.5°C, Cloudy",16.9,0.1,64,2026-08-07 13:46:53.363000+00:00,posta_to_gongolamboto,Heavy Jam,24,Mega-Route: Posta to Gongo la Mboto (Nyerere Rd)
2,"22.9°C, Clear",30.0,0.0,7,2026-08-08 17:55:12.985000+00:00,kilwa_mbagala,Smooth,5,Kilwa Rd (Mbagala)
2,"28.9°C, Cloudy",24.0,0.1,5,2026-08-07 12:06:20.745000+00:00,morocco_intersection,Smooth,3,Kawawa Rd (Morocco to Kinondoni)
12,"23.7°C, Clear",32.2,0.0,41,2026-08-03 05:40:08.189000+00:00,posta_to_tegeta,Heavy Jam,29,Mega-Route: Posta to Tegeta (Bagamoyo Rd)
1,"22.6°C, Clear",30.0,0.0,4,2026-08-04 19:00:32.481000+00:00,morocco_intersection,Smooth,3,Kawawa Rd (Morocco to Kinondoni)
2,"27.7°C, Clear",30.0,0.0,5,2026-08-05 07:58:13.412000+00:00,changombe_road,Smooth,3,Chang'ombe Road (Temeke)
1,"22.5°C, Clear",30.0,0.0,3,2026-08-05 22:41:14.502000+00:00,kamata_gerezani,Smooth,2,Kamata / Gerezani (Port Entry)
2,"26.0°C, Cloudy",30.0,0.1,5,2026-08-08 10:01:40.262000+00:00,changombe_road,Smooth,3,Chang'ombe Road (Temeke)
3,"27.1°C, Clear",20.4,0.0,5,2026-08-07 07:58:56.637000+00:00,tazara,Smooth,2,Nyerere Rd (Tazara)
2,"27.9°C, Clear",22.5,0.0,4,2026-08-07 08:50:33.667000+00:00,mwenge,Smooth,2,Bagamoyo Rd (Mwenge)
0,"28.0°C, Clear",42.0,0.0,5,2026-08-06 07:57:43.630000+00:00,mwai_kibaki,Smooth,5,Mwai Kibaki Rd (Kawe to Mikocheni)
44,"25.1°C, Clear",15.7,0.0,67,2026-08-07 15:46:50.902000+00:00,posta_to_kimara,Heavy Jam,23,Mega-Route: Posta to Kimara (Morogoro Rd)
5,"27.4°C, Cloudy",12.0,0.1,7,2026-08-07 13:46:52.796000+00:00,selander,Moderate,2,Ali Hassan Mwinyi
1,"27.9°C, Clear",30.0,0.0,3,2026-08-07 08:50:32.765000+00:00,old_bagamoyo,Smooth,2,Old Bagamoyo Rd (Victoria)
3,"21.6°C, Clear",14.4,0.0,5,2026-08-07 00:40:20.308000+00:00,fire_upanga,Smooth,2,UN Road (Fire to Upanga)
6,"22.8°C, Clear",16.7,0.0,9,2026-08-08 19:51:28.845000+00:00,mandela_buguruni,Moderate,3,Mandela Rd (Port Link)
2,"27.3°C, Clear",24.0,0.0,5,2026-08-04 07:57:09.111000+00:00,morocco_intersection,Smooth,3,Kawawa Rd (Morocco to Kinondoni)
2,"26.5°C, Clear",22.5,0.0,4,2026-08-03 07:20:35.272000+00:00,mwenge,Smooth,2,Bagamoyo Rd (Mwenge)
0,"27.9°C, Clear",42.0,0.0,5,2026-08-09 09:09:31.821000+00:00,mwai_kibaki,Smooth,5,Mwai Kibaki Rd (Kawe to Mikocheni)
1,"27.6°C, Clear",30.0,0.0,3,2026-08-06 07:19:01.349000+00:00,kamata_gerezani,Smooth,2,Kamata / Gerezani (Port Entry)
3,"28.0°C, Rainy",16.5,0.1,4,2026-08-05 08:38:46.612000+00:00,kariakoo,Smooth,1,Kariakoo Market Grid
1,"21.6°C, Clear",30.0,0.0,3,2026-08-04 21:55:21.052000+00:00,mwenge,Smooth,2,Bagamoyo Rd (Mwenge)
3,"28.0°C, Rainy",18.0,0.1,5,2026-08-05 08:38:46.622000+00:00,mwenge,Smooth,2,Bagamoyo Rd (Mwenge)
2,"23.5°C, Clear",22.5,0.0,4,2026-08-08 17:55:12.324000+00:00,mwenge,Smooth,2,Bagamoyo Rd (Mwenge)
5,"27.3°C, Clear",22.8,0.0,10,2026-08-04 07:57:08.877000+00:00,tabata_dampo,Moderate,5,Tabata Road (Mandela to Segerea)
3,"29.4°C, Clear",16.5,0.0,4,2026-08-04 10:42:40.993000+00:00,kariakoo,Smooth,1,Kariakoo Market Grid
8,"28.2°C, Clear",18.5,0.0,13,2026-08-03 11:21:39.670000+00:00,goba_massana,Heavy Jam,5,Goba Road (Massana to Goba Center)
9,"28.3°C, Rainy",12.5,0.1,12,2026-08-05 08:38:47.334000+00:00,mandela_buguruni,Heavy Jam,3,Mandela Rd (Port Link)
3,"27.7°C, Clear",27.4,0.0,7,2026-08-05 07:58:12.291000+00:00,uhuru_street,Smooth,4,Uhuru Street (Ilala-Town)
0,"26.4°C, Clear",42.0,0.0,6,2026-08-08 14:24:24.492000+00:00,sam_nujoma,Smooth,6,Sam Nujoma Rd (Mwenge-Ubungo)
1,"27.9°C, Clear",30.0,0.0,3,2026-08-09 09:09:31.619000+00:00,kigogo_roundabout,Smooth,2,Kawawa Rd (Kigogo Choke)
0,"22.9°C, Clear",45.0,0.0,24,2026-08-08 19:07:24.764000+00:00,posta_to_gongolamboto,Smooth,24,Mega-Route: Posta to Gongo la Mboto (Nyerere Rd)
2,"27.3°C, Clear",21.0,0.0,4,2026-08-04 07:57:07.821000+00:00,selander,Smooth,2,Ali Hassan Mwinyi
3,"25.2°C, Clear",16.5,0.0,4,2026-08-03 06:16:10.423000+00:00,kariakoo,Smooth,1,Kariakoo Market Grid
4,"28.3°C, Cloudy",23.3,0.1,9,2026-08-05 09:04:48.955000+00:00,kilwa_mbagala,Moderate,5,Kilwa Rd (Mbagala)
8,"24.4°C, Clear",16.0,0.0,12,2026-08-05 16:55:14.183000+00:00,uhuru_street,Heavy Jam,4,Uhuru Street (Ilala)
6,"28.0°C, Cloudy",16.7,0.1,9,2026-08-07 08:50:33.160000+00:00,mandela_buguruni,Moderate,3,Mandela Rd (Port Link)
5,"28.2°C, Clear",24.0,0.0,10,2026-08-06 12:55:07.447000+00:00,goba_massana,Moderate,5,Goba Road (Massana to Goba Center)
4,"27.5°C, Clear",25.3,0.0,9,2026-08-05 07:58:13.390000+00:00,tabata_dampo,Moderate,5,Tabata Road (Mandela to Segerea)
2,"28.1°C, Clear",22.5,0.0,4,2026-08-09 12:33:29.196000+00:00,mwenge,Smooth,2,Bagamoyo Rd (Mwenge)
1,"23.1°C, Clear",30.0,0.0,3,2026-08-05 20:12:51.148000+00:00,mwenge,Smooth,2,Bagamoyo Rd (Mwenge)
3,"25.2°C, Clear",18.0,0.0,5,2026-08-03 06:16:11.799000+00:00,kigogo_roundabout,Smooth,2,Kawawa Rd (Kigogo Choke)
0,"21.3°C, Clear",47.7,0.0,22,2026-08-03 04:15:25.887000+00:00,posta_to_kimara,Smooth,23,Mega-Route: Posta to Kimara (Morogoro Rd)
2,"28.6°C, Clear",30.0,0.0,7,2026-08-05 12:51:14.340000+00:00,kilwa_mbagala,Smooth,5,Kilwa Rd (Mbagala)
1,"23.1°C, Clear",30.0,0.0,3,2026-08-09 05:29:07.670000+00:00,old_bagamoyo,Smooth,2,Old Bagamoyo Rd (Victoria)
5,"27.7°C, Cloudy",22.8,0.1,10,2026-08-09 10:03:24.554000+00:00,tabata_dampo,Moderate,5,Tabata Road (Mandela to Segerea)
3,"22.6°C, Clear",14.4,0.0,5,2026-08-05 21:37:00.706000+00:00,fire_upanga,Smooth,2,UN Road (Fire to Upanga)
7,"25.2°C, Clear",17.5,0.0,11,2026-08-03 06:25:29.424000+00:00,uhuru_street,Moderate,4,Uhuru Street (Ilala-Town)
5,"27.9°C, Clear",24.0,0.0,10,2026-08-07 08:50:34.937000+00:00,goba_massana,Moderate,5,Goba Road (Massana to Goba Center)
6,"22.6°C, Clear",19.2,0.0,10,2026-08-04 05:14:44.158000+00:00,uhuru_street,Moderate,4,Uhuru Street (Ilala-Town)
2,"22.5°C, Clear",25.5,0.0,4,2026-08-05 22:41:13.405000+00:00,tazara,Smooth,2,Nyerere Rd (Tazara)
9,"29.2°C, Cloudy",12.5,0.1,12,2026-08-06 10:44:44.750000+00:00,mandela_buguruni,Heavy Jam,3,Mandela Rd (Port Link)
5,"28.7°C, Clear",12.9,0.0,7,2026-08-04 13:01:50.373000+00:00,mwenge,Moderate,2,Bagamoyo Rd (Mwenge)
1,"24.3°C, Clear",30.0,0.0,3,2026-08-08 16:22:38.653000+00:00,kamata_gerezani,Smooth,2,Kamata / Gerezani (Port Entry)
1,"24.2°C, Clear",30.0,0.0,3,2026-08-08 16:22:38.725000+00:00,kigogo_roundabout,Smooth,2,Kawawa Rd (Kigogo Choke)
1,"26.9°C, Clear",30.0,0.0,3,2026-08-08 13:39:20.531000+00:00,old_bagamoyo,Smooth,2,Old Bagamoyo Rd (Victoria)
2,"23.4°C, Clear",30.0,0.0,5,2026-08-08 18:24:52.791000+00:00,changombe_road,Smooth,3,Chang'ombe Road (Temeke)
3,"26.3°C, Clear",18.0,0.0,5,2026-08-04 15:06:57.855000+00:00,kigogo_roundabout,Smooth,2,Kawawa Rd (Kigogo Choke)
0,"29.1°C, Clear",42.0,0.0,6,2026-08-05 12:51:13.971000+00:00,sam_nujoma,Smooth,6,Sam Nujoma Rd (Mwenge-Ubungo)
5,"27.4°C, Cloudy",15.4,0.1,7,2026-08-07 13:46:52.355000+00:00,ubungo,Moderate,2,Morogoro Rd (Ubungo)
2,"27.1°C, Clear",22.0,0.0,3,2026-08-03 07:51:24.216000+00:00,kariakoo,Smooth,1,Kariakoo Market Grid
3,"27.3°C, Clear",20.4,0.0,5,2026-08-03 07:51:23.426000+00:00,tazara,Smooth,2,Nyerere Rd (Tazara)
2,"29.0°C, Clear",30.0,0.0,7,2026-08-07 12:06:19.463000+00:00,kilwa_mbagala,Smooth,5,Kilwa Rd (Mbagala)
1,"27.1°C, Clear",30.0,0.0,3,2026-08-03 07:51:25.469000+00:00,kigogo_roundabout,Smooth,2,Kawawa Rd (Kigogo Choke)
1,"24.2°C, Clear",30.0,0.0,3,2026-08-08 16:22:37.380000+00:00,old_bagamoyo,Smooth,2,Old Bagamoyo Rd (Victoria)
2,"27.5°C, Clear",24.0,0.0,5,2026-08-05 07:58:13.394000+00:00,morocco_intersection,Smooth,3,Kawawa Rd (Morocco to Kinondoni)
3,"26.3°C, Clear",18.0,0.0,5,2026-08-07 14:46:46.863000+00:00,kamata_gerezani,Smooth,2,Kamata / Gerezani (Port Entry)
1,"25.7°C, Clear",30.0,0.0,3,2026-08-09 15:00:21.193000+00:00,kigogo_roundabout,Smooth,2,Kawawa Rd (Kigogo Choke)
0,"27.3°C, Clear",42.0,0.0,5,2026-08-06 07:19:01.546000+00:00,mwai_kibaki,Smooth,5,Mwai Kibaki Rd (Kawe to Mikocheni)
0,"28.3°C, Clear",40.0,0.0,3,2026-08-06 12:55:07.160000+00:00,sinza_mori,Smooth,3,Sinza Road (Mori to Bamaga)
2,"21.0°C, Clear",30.0,,7,2026-08-03 02:51:19.633000+00:00,kilwa_mbagala,Smooth,5,Kilwa Rd (Mbagala)
5,"25.1°C, Clear",24.0,0.0,10,2026-08-08 06:03:55.700000+00:00,goba_massana,Moderate,5,Goba Road (Massana to Goba Center)
1,"21.3°C, Clear",30.0,0.0,3,2026-08-03 04:15:25.363000+00:00,old_bagamoyo,Smooth,2,Old Bagamoyo Rd (Victoria)
2,"29.4°C, Clear",22.5,0.0,4,2026-08-06 10:44:45.313000+00:00,kigogo_roundabout,Smooth,2,Kawawa Rd (Kigogo Choke)
5,"26.4°C, Clear",24.0,0.0,10,2026-08-08 13:39:23.147000+00:00,goba_massana,Moderate,5,Goba Road (Massana to Goba Center)
2,"23.7°C, Clear",24.0,0.0,5,2026-08-07 18:42:43.209000+00:00,morocco_intersection,Smooth,3,Kawawa Rd (Morocco to Kinondoni)
1,"26.9°C, Clear",30.0,0.0,4,2026-08-08 10:58:52.269000+00:00,sinza_mori,Smooth,3,Sinza Road (Mori to Bamaga)
2,"26.5°C, Clear",24.0,0.0,5,2026-08-03 07:20:36.370000+00:00,morocco_intersection,Smooth,3,Kawawa Rd (Morocco to Kinondoni)
2,"25.3°C, Clear",30.0,0.0,5,2026-08-08 06:03:54.861000+00:00,changombe_road,Smooth,3,Chang'ombe Road (Temeke)
1,"21.6°C, Clear",36.0,0.0,3,2026-08-07 00:40:18.749000+00:00,ubungo,Smooth,2,Morogoro Rd (Ubungo)
27,"28.7°C, Clear",7.5,0.0,32,2026-08-05 13:15:46.727000+00:00,goba_massana,Heavy Jam,5,Goba Road (Massana to Goba Center)
6,"29.2°C, Cloudy",36.2,0.1,29,2026-08-06 10:44:45.021000+00:00,posta_to_kimara,Moderate,23,Mega-Route: Posta to Kimara (Morogoro Rd)
0,"21.6°C, Clear",42.0,0.0,5,2026-08-04 21:55:23.354000+00:00,mwai_kibaki,Smooth,5,Mwai Kibaki Rd (Kawe to Mikocheni)
2,"27.9°C, Clear",30.0,0.0,7,2026-08-06 12:55:06.282000+00:00,kilwa_mbagala,Smooth,5,Kilwa Rd (Mbagala)
2,"25.4°C, Clear",30.0,0.0,5,2026-08-09 15:15:26.475000+00:00,changombe_road,Smooth,3,Chang'ombe Road (Temeke)
6,"27.5°C, Cloudy",12.8,0.1,8,2026-08-07 13:46:53.045000+00:00,tazara,Moderate,2,Nyerere Rd (Tazara)
2,"26.7°C, Clear",22.5,0.0,4,2026-08-09 14:26:13.171000+00:00,mwenge,Smooth,2,Bagamoyo Rd (Mwenge)
10,"23.6°C, Clear",15.2,0.0,15,2026-08-06 05:16:23.753000+00:00,tabata_dampo,Heavy Jam,5,Tabata Road (Mandela to Segerea)
3,"23.6°C, Clear",26.2,0.0,8,2026-08-06 05:16:24.104000+00:00,mwai_kibaki,Smooth,5,Mwai Kibaki Rd (Kawe to Mikocheni)
5,"28.4°C, Clear",18.8,0.0,8,2026-08-07 13:11:27.158000+00:00,changombe_road,Moderate,3,Chang'ombe Road (Temeke)
5,"27.1°C, Clear",24.0,0.0,10,2026-08-09 13:42:44.148000+00:00,goba_massana,Moderate,5,Goba Road (Massana to Goba Center)
0,"23.6°C, Clear",45.0,0.0,24,2026-08-08 17:55:13.595000+00:00,posta_to_gongolamboto,Smooth,24,Mega-Route: Posta to Gongo la Mboto (Nyerere Rd)
5,"26.7°C, Clear",12.9,0.0,7,2026-08-05 15:12:31.198000+00:00,mwenge,Moderate,2,Bagamoyo Rd (Mwenge)
2,"28.5°C, Clear",30.0,0.0,5,2026-08-08 11:29:25.945000+00:00,changombe_road,Smooth,3,Chang'ombe Road (Temeke)
7,"24.5°C, Clear",17.5,0.0,12,2026-08-04 15:39:34.009000+00:00,kilwa_mbagala,Moderate,5,Kilwa Rd (Mbagala)
4,"28.5°C, Clear",23.3,0.0,9,2026-08-05 09:25:28.586000+00:00,kilwa_mbagala,Moderate,5,Kilwa Rd (Mbagala)
3,"22.9°C, Clear",20.4,0.0,5,2026-08-08 19:07:24.426000+00:00,tazara,Smooth,2,Nyerere Rd (Tazara)
2,"23.3°C, Clear",30.0,0.0,5,2026-08-08 05:13:55.284000+00:00,changombe_road,Smooth,3,Chang'ombe Road (Temeke)
1,"28.3°C, Cloudy",30.0,0.1,4,2026-08-05 09:04:49.885000+00:00,sinza_mori,Smooth,3,Sinza Road (Mori to Bamaga)
0,"23.7°C, Clear",42.0,0.0,5,2026-08-04 17:20:21.398000+00:00,mwai_kibaki,Smooth,5,Mwai Kibaki Rd (Kawe to Mikocheni)
3,"21.5°C, Clear",14.4,0.0,5,2026-08-04 21:55:23.346000+00:00,fire_upanga,Smooth,2,UN Road (Fire to Upanga)
0,"26.0°C, Cloudy",45.0,0.1,24,2026-08-08 10:01:40.086000+00:00,posta_to_gongolamboto,Smooth,24,Mega-Route: Posta to Gongo la Mboto (Nyerere Rd)
10,"25.1°C, Clear",13.7,0.0,14,2026-08-07 15:46:49.517000+00:00,uhuru_street,Heavy Jam,4,Uhuru Street (Ilala)
5,"24.6°C, Clear",12.9,0.0,7,2026-08-05 16:55:13.128000+00:00,mwenge,Moderate,2,Bagamoyo Rd (Mwenge)
1,"26.9°C, Clear",30.0,0.0,3,2026-08-08 13:39:22.531000+00:00,kigogo_roundabout,Smooth,2,Kawawa Rd (Kigogo Choke)
4,"26.0°C, Clear",24.0,0.0,8,2026-08-08 14:56:41.008000+00:00,uhuru_street,Moderate,4,Uhuru Street (Ilala)
5,"27.0°C, Cloudy",22.8,0.1,10,2026-08-08 08:06:36.237000+00:00,tabata_dampo,Moderate,5,Tabata Road (Mandela to Segerea)
8,"26.2°C, Clear",16.0,0.0,12,2026-08-06 15:12:22.622000+00:00,uhuru_street,Heavy Jam,4,Uhuru Street (Ilala)
2,"22.9°C, Clear",30.0,0.0,7,2026-08-07 18:42:41.528000+00:00,kilwa_mbagala,Smooth,5,Kilwa Rd (Mbagala)
0,"23.0°C, Clear",45.7,0.0,23,2026-08-05 20:12:52.545000+00:00,posta_to_kimara,Smooth,23,Mega-Route: Posta to Kimara (Morogoro Rd)
5,"21.3°C, Clear",24.0,0.0,10,2026-08-03 04:15:28.752000+00:00,goba_massana,Moderate,5,Goba Road (Massana to Goba Center)
6,"28.3°C, Rainy",36.2,0.1,29,2026-08-05 08:38:47.727000+00:00,posta_to_kimara,Moderate,23,Mega-Route: Posta to Kimara (Morogoro Rd)
48,"28.5°C, Clear",14.8,0.0,71,2026-08-04 13:01:51.331000+00:00,posta_to_kimara,Heavy Jam,23,Mega-Route: Posta to Kimara (Morogoro Rd)
4,"25.5°C, Clear",13.2,0.0,5,2026-08-04 15:39:34.561000+00:00,kariakoo,Moderate,1,Kariakoo Market Grid
6,"23.6°C, Clear",16.7,0.0,9,2026-08-08 17:55:12.347000+00:00,mandela_buguruni,Moderate,3,Mandela Rd (Port Link)
0,"25.2°C, Clear",42.0,0.0,6,2026-08-08 06:03:53.560000+00:00,sam_nujoma,Smooth,6,Sam Nujoma Rd (Mwenge-Ubungo)
1,"23.6°C, Clear",30.0,0.0,3,2026-08-08 17:55:13.566000+00:00,kamata_gerezani,Smooth,2,Kamata / Gerezani (Port Entry)
2,"28.3°C, Clear",24.0,0.0,5,2026-08-06 12:55:06.887000+00:00,morocco_intersection,Smooth,3,Kawawa Rd (Morocco to Kinondoni)
5,"22.6°C, Clear",18.8,0.0,8,2026-08-05 21:36:58.742000+00:00,mandela_buguruni,Moderate,3,Mandela Rd (Port Link)
7,"28.1°C, Clear",17.5,0.0,12,2026-08-05 13:15:45.525000+00:00,kilwa_mbagala,Moderate,5,Kilwa Rd (Mbagala)
5,"27.5°C, Clear",24.0,0.0,10,2026-08-09 08:09:46.289000+00:00,goba_massana,Moderate,5,Goba Road (Massana to Goba Center)
0,"26.9°C, Clear",42.0,0.0,6,2026-08-08 13:39:21.616000+00:00,sam_nujoma,Smooth,6,Sam Nujoma Rd (Mwenge-Ubungo)
2,"23.1°C, Clear",24.0,0.0,5,2026-08-03 18:50:33.203000+00:00,morocco_intersection,Smooth,3,Kawawa Rd (Morocco to Kinondoni)
1,"23.4°C, Clear",30.0,0.0,3,2026-08-08 18:24:52.637000+00:00,kamata_gerezani,Smooth,2,Kamata / Gerezani (Port Entry)
2,"26.9°C, Clear",22.5,0.0,4,2026-08-08 13:39:21.001000+00:00,mwenge,Smooth,2,Bagamoyo Rd (Mwenge)
1,"27.9°C, Clear",30.0,0.0,4,2026-08-09 09:09:31.837000+00:00,sinza_mori,Smooth,3,Sinza Road (Mori to Bamaga)
7,"22.9°C, Clear",17.5,0.0,12,2026-08-03 16:43:09.868000+00:00,kilwa_mbagala,Moderate,5,Kilwa Rd (Mbagala)
0,"24.5°C, Clear",45.0,0.0,24,2026-08-08 16:13:10.622000+00:00,posta_to_gongolamboto,Smooth,24,Mega-Route: Posta to Gongo la Mboto (Nyerere Rd)
5,"28.3°C, Clear",24.0,0.0,10,2026-08-09 11:53:57.686000+00:00,goba_massana,Moderate,5,Goba Road (Massana to Goba Center)
2,"24.3°C, Clear",30.0,0.0,5,2026-08-08 16:22:38.486000+00:00,changombe_road,Smooth,3,Chang'ombe Road (Temeke)
1,"22.6°C, Clear",30.0,0.0,3,2026-08-05 21:37:00.297000+00:00,kamata_gerezani,Smooth,2,Kamata / Gerezani (Port Entry)
4,"27.2°C, Clear",12.0,0.0,6,2026-08-08 13:39:22.827000+00:00,fire_upanga,Moderate,2,UN Road (Fire to Upanga)
1,"23.6°C, Clear",30.0,0.0,3,2026-08-05 18:21:01.054000+00:00,kamata_gerezani,Smooth,2,Kamata / Gerezani (Port Entry)
2,"27.7°C, Clear",30.0,0.0,7,2026-08-07 08:38:19.264000+00:00,kilwa_mbagala,Smooth,5,Kilwa Rd (Mbagala)
1,"21.0°C, Clear",30.0,,3,2026-08-03 02:51:22.843000+00:00,kigogo_roundabout,Smooth,2,Kawawa Rd (Kigogo Choke)
2,"25.2°C, Clear",30.0,0.0,7,2026-08-08 06:03:53.555000+00:00,kilwa_mbagala,Smooth,5,Kilwa Rd (Mbagala)
7,"23.7°C, Clear",8.0,0.0,9,2026-08-06 05:16:24.103000+00:00,fire_upanga,Moderate,2,UN Road (Fire to Upanga)
0,"27.7°C, Clear",42.0,0.0,6,2026-08-07 08:38:19.591000+00:00,sam_nujoma,Smooth,6,Sam Nujoma Rd (Mwenge-Ubungo)
4,"23.7°C, Clear",23.3,0.0,9,2026-08-03 16:43:11.772000+00:00,mwai_kibaki,Moderate,5,Mwai Kibaki Rd (Kawe to Mikocheni)
2,"28.9°C, Clear",30.0,0.0,5,2026-08-09 11:53:57.018000+00:00,changombe_road,Smooth,3,Chang'ombe Road (Temeke)
0,"23.9°C, Clear",42.0,0.0,5,2026-08-07 17:41:57.563000+00:00,mwai_kibaki,Smooth,5,Mwai Kibaki Rd (Kawe to Mikocheni)
5,"21.3°C, Clear",18.8,0.0,8,2026-08-07 04:25:09.852000+00:00,changombe_road,Moderate,3,Chang'ombe Road (Temeke)
26,"26.3°C, Clear",5.2,0.0,29,2026-08-07 14:46:45.613000+00:00,mandela_buguruni,Heavy Jam,3,Mandela Rd (Port Link)
8,"27.5°C, Cloudy",7.2,0.1,10,2026-08-07 13:46:53.722000+00:00,fire_upanga,Heavy Jam,2,UN Road (Fire to Upanga)
0,"21.6°C, Clear",42.0,0.0,6,2026-08-07 00:40:19.626000+00:00,sam_nujoma,Smooth,6,Sam Nujoma Rd (Mwenge-Ubungo)
0,"21.0°C, Clear",40.0,,3,2026-08-03 02:51:24.421000+00:00,sinza_mori,Smooth,3,Sinza Road (Mori to Bamaga)
2,"28.0°C, Rainy",22.5,0.1,4,2026-08-05 08:38:47.992000+00:00,kigogo_roundabout,Smooth,2,Kawawa Rd (Kigogo Choke)
2,"24.7°C, Clear",21.0,0.0,4,2026-08-08 15:54:43.295000+00:00,selander,Smooth,2,Ali Hassan Mwinyi
4,"28.7°C, Clear",25.2,0.0,10,2026-08-05 13:15:45.602000+00:00,sam_nujoma,Moderate,6,Sam Nujoma Rd (Mwenge-Ubungo)
1,"21.6°C, Clear",30.0,0.0,4,2026-08-07 00:40:20.010000+00:00,morocco_intersection,Smooth,3,Kawawa Rd (Morocco to Kinondoni)
3,"28.4°C, Clear",20.4,0.0,5,2026-08-09 12:33:29.506000+00:00,tazara,Smooth,2,Nyerere Rd (Tazara)
2,"22.4°C, Clear",25.5,0.0,4,2026-08-03 20:26:54.039000+00:00,tazara,Smooth,2,Nyerere Rd (Tazara)
10,"25.2°C, Clear",16.0,0.0,15,2026-08-03 06:25:30.353000+00:00,goba_massana,Heavy Jam,5,Goba Road (Massana to Goba Center)
2,"25.3°C, Clear",24.0,0.0,5,2026-08-09 15:15:26.815000+00:00,morocco_intersection,Smooth,3,Kawawa Rd (Morocco to Kinondoni)
2,"25.3°C, Clear",21.0,0.0,4,2026-08-09 15:15:24.940000+00:00,selander,Smooth,2,Ali Hassan Mwinyi
5,"23.7°C, Clear",37.2,0.0,29,2026-08-03 05:40:09.469000+00:00,posta_to_gongolamboto,Moderate,24,Mega-Route: Posta to Gongo la Mboto (Nyerere Rd)
5,"27.4°C, Clear",22.8,0.0,10,2026-08-09 13:42:43.616000+00:00,tabata_dampo,Moderate,5,Tabata Road (Mandela to Segerea)
2,"27.4°C, Clear",22.5,0.0,4,2026-08-09 13:42:42.547000+00:00,mwenge,Smooth,2,Bagamoyo Rd (Mwenge)
7,"26.1°C, Clear",17.5,0.0,12,2026-08-07 14:46:46.026000+00:00,kilwa_mbagala,Moderate,5,Kilwa Rd (Mbagala)
2,"27.1°C, Clear",22.5,0.0,4,2026-08-03 07:51:23.137000+00:00,mwenge,Smooth,2,Bagamoyo Rd (Mwenge)
0,"22.9°C, Clear",45.5,0.0,29,2026-08-08 19:07:23.382000+00:00,posta_to_tegeta,Smooth,29,Mega-Route: Posta to Tegeta (Bagamoyo Rd)
0,"27.4°C, Clear",42.0,0.0,5,2026-08-09 13:42:43.901000+00:00,mwai_kibaki,Smooth,5,Mwai Kibaki Rd (Kawe to Mikocheni)
0,"23.1°C, Clear",42.0,0.0,5,2026-08-03 18:50:33.301000+00:00,mwai_kibaki,Smooth,5,Mwai Kibaki Rd (Kawe to Mikocheni)
2,"28.0°C, Clear",22.5,0.0,4,2026-08-06 07:57:42.165000+00:00,mwenge,Smooth,2,Bagamoyo Rd (Mwenge)
3,"25.2°C, Clear",18.0,0.0,5,2026-08-04 15:39:35.117000+00:00,kamata_gerezani,Smooth,2,Kamata / Gerezani (Port Entry)
1,"23.9°C, Clear",30.0,0.0,3,2026-08-08 17:00:49.925000+00:00,kamata_gerezani,Smooth,2,Kamata / Gerezani (Port Entry)
1,"25.7°C, Clear",30.0,0.0,3,2026-08-09 15:00:19.550000+00:00,old_bagamoyo,Smooth,2,Old Bagamoyo Rd (Victoria)
2,"23.9°C, Clear",22.5,0.0,4,2026-08-07 17:41:56.883000+00:00,mwenge,Smooth,2,Bagamoyo Rd (Mwenge)
2,"23.1°C, Clear",24.0,0.0,5,2026-08-09 05:29:08.268000+00:00,morocco_intersection,Smooth,3,Kawawa Rd (Morocco to Kinondoni)
61,"24.4°C, Clear",14.7,0.0,90,2026-08-07 16:43:44.793000+00:00,posta_to_tegeta,Heavy Jam,29,Mega-Route: Posta to Tegeta (Bagamoyo Rd)
1,"28.3°C, Clear",30.0,0.0,3,2026-08-06 12:55:06.836000+00:00,kigogo_roundabout,Smooth,2,Kawawa Rd (Kigogo Choke)
6,"23.7°C, Clear",36.0,0.0,30,2026-08-06 05:16:23.703000+00:00,posta_to_gongolamboto,Moderate,24,Mega-Route: Posta to Gongo la Mboto (Nyerere Rd)
0,"27.1°C, Cloudy",42.0,0.1,5,2026-08-08 12:30:32.348000+00:00,mwai_kibaki,Smooth,5,Mwai Kibaki Rd (Kawe to Mikocheni)
1,"28.3°C, Clear",30.0,0.0,3,2026-08-06 07:57:43.176000+00:00,kamata_gerezani,Smooth,2,Kamata / Gerezani (Port Entry)
2,"28.0°C, Clear",24.0,0.0,5,2026-08-06 07:57:43.320000+00:00,morocco_intersection,Smooth,3,Kawawa Rd (Morocco to Kinondoni)
3,"29.2°C, Cloudy",16.8,0.1,5,2026-08-07 11:14:31.172000+00:00,selander,Smooth,2,Ali Hassan Mwinyi
2,"27.3°C, Clear",30.0,0.0,5,2026-08-03 07:51:25.147000+00:00,changombe_road,Smooth,3,Chang'ombe Road (Temeke)
5,"21.0°C, Clear",22.8,,10,2026-08-03 02:51:21.579000+00:00,tabata_dampo,Moderate,5,Tabata Road (Mandela to Segerea)
6,"25.1°C, Clear",12.8,0.0,8,2026-08-07 15:46:50.263000+00:00,tazara,Moderate,2,Nyerere Rd (Tazara)
3,"29.4°C, Clear",16.8,0.0,5,2026-08-04 10:42:40.276000+00:00,selander,Smooth,2,Ali Hassan Mwinyi
3,"28.2°C, Clear",20.4,0.0,5,2026-08-06 12:55:05.972000+00:00,tazara,Smooth,2,Nyerere Rd (Tazara)
55,"25.2°C, Clear",15.7,0.0,84,2026-08-04 15:39:35.099000+00:00,posta_to_tegeta,Heavy Jam,29,Mega-Route: Posta to Tegeta (Bagamoyo Rd)
0,"23.2°C, Clear",42.0,0.0,5,2026-08-08 05:13:55.692000+00:00,mwai_kibaki,Smooth,5,Mwai Kibaki Rd (Kawe to Mikocheni)
11,"22.3°C, Clear",15.0,0.0,16,2026-08-05 05:14:32.370000+00:00,goba_massana,Heavy Jam,5,Goba Road (Massana to Goba Center)
8,"24.6°C, Clear",16.0,0.0,12,2026-08-07 05:59:53.179000+00:00,uhuru_street,Heavy Jam,4,Uhuru Street (Ilala)
3,"23.2°C, Clear",30.0,0.0,8,2026-08-07 19:45:49.099000+00:00,goba_massana,Smooth,5,Goba Road (Massana to Goba Center)
3,"28.5°C, Clear",21.6,0.0,5,2026-08-07 09:40:08.745000+00:00,ubungo,Smooth,2,Morogoro Rd (Ubungo)
4,"23.7°C, Clear",21.4,0.0,7,2026-08-03 05:40:08.901000+00:00,changombe_road,Moderate,3,Chang'ombe Road (Temeke)
0,"21.0°C, Clear",42.0,,5,2026-08-03 02:51:22.995000+00:00,mwai_kibaki,Smooth,5,Mwai Kibaki Rd (Kawe to Mikocheni)
2,"23.8°C, Clear",22.5,0.0,4,2026-08-08 17:00:48.868000+00:00,mwenge,Smooth,2,Bagamoyo Rd (Mwenge)
0,"24.9°C, Clear",45.7,0.0,23,2026-08-09 06:08:49.139000+00:00,posta_to_kimara,Smooth,23,Mega-Route: Posta to Kimara (Morogoro Rd)
5,"28.7°C, Clear",15.4,0.0,7,2026-08-05 13:15:45.136000+00:00,ubungo,Moderate,2,Morogoro Rd (Ubungo)
3,"28.1°C, Cloudy",20.4,0.1,5,2026-08-09 10:03:23.372000+00:00,tazara,Smooth,2,Nyerere Rd (Tazara)
5,"27.1°C, Clear",22.8,0.0,10,2026-08-03 07:51:24.880000+00:00,tabata_dampo,Moderate,5,Tabata Road (Mandela to Segerea)
0,"22.6°C, Clear",40.0,0.0,3,2026-08-03 20:26:55.125000+00:00,sinza_mori,Smooth,3,Sinza Road (Mori to Bamaga)
2,"23.7°C, Clear",22.5,0.0,4,2026-08-03 05:40:09.669000+00:00,kigogo_roundabout,Smooth,2,Kawawa Rd (Kigogo Choke)
1,"22.6°C, Clear",36.0,0.0,3,2026-08-04 19:00:31.807000+00:00,ubungo,Smooth,2,Morogoro Rd (Ubungo)
28,"23.7°C, Clear",6.9,0.0,33,2026-08-03 16:43:11.225000+00:00,tabata_dampo,Heavy Jam,5,Tabata Road (Mandela to Segerea)
0,"24.7°C, Clear",42.0,0.0,6,2026-08-08 15:54:42.364000+00:00,sam_nujoma,Smooth,6,Sam Nujoma Rd (Mwenge-Ubungo)
0,"23.7°C, Clear",42.0,0.0,6,2026-08-07 18:42:41.239000+00:00,sam_nujoma,Smooth,6,Sam Nujoma Rd (Mwenge-Ubungo)
0,"22.1°C, Clear",42.0,0.0,5,2026-08-03 21:46:39.611000+00:00,mwai_kibaki,Smooth,5,Mwai Kibaki Rd (Kawe to Mikocheni)
2,"28.0°C, Clear",27.0,0.0,4,2026-08-06 07:57:41.827000+00:00,ubungo,Smooth,2,Morogoro Rd (Ubungo)
0,"24.7°C, Cloudy",42.0,0.1,5,2026-08-08 10:01:40.632000+00:00,mwai_kibaki,Smooth,5,Mwai Kibaki Rd (Kawe to Mikocheni)
2,"26.5°C, Clear",21.0,0.0,4,2026-08-03 07:20:35.680000+00:00,selander,Smooth,2,Ali Hassan Mwinyi
2,"22.7°C, Clear",30.0,0.0,7,2026-08-08 18:24:52.130000+00:00,kilwa_mbagala,Smooth,5,Kilwa Rd (Mbagala)
6,"28.2°C, Clear",16.7,0.0,9,2026-08-06 12:55:06.271000+00:00,mandela_buguruni,Moderate,3,Mandela Rd (Port Link)
3,"23.4°C, Clear",20.4,0.0,5,2026-08-04 17:20:20.117000+00:00,tazara,Smooth,2,Nyerere Rd (Tazara)
2,"27.9°C, Clear",21.0,0.0,4,2026-08-08 11:55:15.459000+00:00,selander,Smooth,2,Ali Hassan Mwinyi
1,"21.6°C, Clear",37.5,0.0,4,2026-08-07 00:40:19.883000+00:00,changombe_road,Smooth,3,Chang'ombe Road (Temeke)
4,"23.9°C, Clear",24.0,0.0,8,2026-08-08 17:00:49.298000+00:00,uhuru_street,Moderate,4,Uhuru Street (Ilala)
2,"24.2°C, Clear",27.0,0.0,4,2026-08-08 16:22:37.950000+00:00,ubungo,Smooth,2,Morogoro Rd (Ubungo)
1,"22.6°C, Clear",30.0,0.0,4,2026-08-04 05:14:45.389000+00:00,sinza_mori,Smooth,3,Sinza Road (Mori to Bamaga)
2,"23.1°C, Clear",27.0,0.0,4,2026-08-09 05:29:07.685000+00:00,ubungo,Smooth,2,Morogoro Rd (Ubungo)
6,"26.0°C, Clear",12.8,0.0,8,2026-08-04 15:06:57.199000+00:00,tazara,Moderate,2,Nyerere Rd (Tazara)
9,"29.3°C, Cloudy",12.5,0.1,12,2026-08-07 11:14:31.204000+00:00,mandela_buguruni,Heavy Jam,3,Mandela Rd (Port Link)
2,"29.1°C, Clear",30.0,0.0,5,2026-08-09 11:00:38.231000+00:00,changombe_road,Smooth,3,Chang'ombe Road (Temeke)
5,"27.9°C, Clear",22.8,0.0,10,2026-08-08 11:55:16.820000+00:00,tabata_dampo,Moderate,5,Tabata Road (Mandela to Segerea)
2,"28.3°C, Clear",21.0,0.0,4,2026-08-06 12:55:06.266000+00:00,selander,Smooth,2,Ali Hassan Mwinyi
3,"27.7°C, Clear",20.4,0.0,5,2026-08-05 07:58:12.736000+00:00,tazara,Smooth,2,Nyerere Rd (Tazara)
26,"25.1°C, Clear",5.2,0.0,29,2026-08-07 15:46:50.591000+00:00,mandela_buguruni,Heavy Jam,3,Mandela Rd (Port Link)
0,"23.6°C, Clear",45.7,0.0,23,2026-08-08 17:55:13.569000+00:00,posta_to_kimara,Smooth,23,Mega-Route: Posta to Kimara (Morogoro Rd)
6,"27.7°C, Clear",16.7,0.0,9,2026-08-05 07:58:12.296000+00:00,mandela_buguruni,Moderate,3,Mandela Rd (Port Link)
2,"23.5°C, Clear",24.0,0.0,5,2026-08-08 17:55:13.915000+00:00,morocco_intersection,Smooth,3,Kawawa Rd (Morocco to Kinondoni)
0,"24.2°C, Clear",42.0,0.0,6,2026-08-08 16:22:37.819000+00:00,sam_nujoma,Smooth,6,Sam Nujoma Rd (Mwenge-Ubungo)
2,"28.6°C, Cloudy",41.5,0.1,26,2026-08-05 09:04:49.289000+00:00,posta_to_gongolamboto,Smooth,24,Mega-Route: Posta to Gongo la Mboto (Nyerere Rd)
2,"27.8°C, Clear",21.0,0.0,4,2026-08-08 11:29:24.903000+00:00,selander,Smooth,2,Ali Hassan Mwinyi
4,"28.3°C, Clear",23.3,0.0,9,2026-08-07 09:21:17.302000+00:00,kilwa_mbagala,Moderate,5,Kilwa Rd (Mbagala)
0,"21.0°C, Clear",42.0,,6,2026-08-03 02:51:20.563000+00:00,sam_nujoma,Smooth,6,Sam Nujoma Rd (Mwenge-Ubungo)
2,"23.5°C, Clear",27.0,0.0,4,2026-08-08 17:55:13.281000+00:00,ubungo,Smooth,2,Morogoro Rd (Ubungo)
1,"28.3°C, Clear",30.0,0.0,3,2026-08-06 12:55:05.352000+00:00,old_bagamoyo,Smooth,2,Old Bagamoyo Rd (Victoria)
0,"21.5°C, Clear",45.7,0.0,23,2026-08-04 21:55:22.790000+00:00,posta_to_kimara,Smooth,23,Mega-Route: Posta to Kimara (Morogoro Rd)
3,"28.7°C, Clear",25.0,0.0,6,2026-08-05 09:25:30.575000+00:00,changombe_road,Smooth,3,Chang'ombe Road (Temeke)
1,"26.7°C, Clear",30.0,0.0,4,2026-08-09 14:26:13.822000+00:00,sinza_mori,Smooth,3,Sinza Road (Mori to Bamaga)
5,"24.5°C, Clear",15.4,0.0,7,2026-08-07 16:43:44.682000+00:00,ubungo,Moderate,2,Morogoro Rd (Ubungo)
1,"28.0°C, Clear",30.0,0.0,3,2026-08-06 07:57:43.399000+00:00,kigogo_roundabout,Smooth,2,Kawawa Rd (Kigogo Choke)
0,"22.8°C, Clear",42.0,0.0,6,2026-08-08 19:51:27.983000+00:00,sam_nujoma,Smooth,6,Sam Nujoma Rd (Mwenge-Ubungo)
61,"26.2°C, Clear",14.7,0.0,90,2026-08-06 15:12:22.178000+00:00,posta_to_tegeta,Heavy Jam,29,Mega-Route: Posta to Tegeta (Bagamoyo Rd)
4,"27.8°C, Cloudy",24.0,0.1,8,2026-08-07 08:38:18.481000+00:00,uhuru_street,Moderate,4,Uhuru Street (Ilala)
2,"26.4°C, Clear",27.0,0.0,4,2026-08-08 14:24:23.869000+00:00,ubungo,Smooth,2,Morogoro Rd (Ubungo)
1,"27.8°C, Clear",30.0,0.0,3,2026-08-08 11:29:24.728000+00:00,old_bagamoyo,Smooth,2,Old Bagamoyo Rd (Victoria)
3,"29.0°C, Clear",20.4,0.0,5,2026-08-05 12:51:15.047000+00:00,tazara,Smooth,2,Nyerere Rd (Tazara)
1,"23.8°C, Clear",30.0,0.0,3,2026-08-08 17:00:48.872000+00:00,old_bagamoyo,Smooth,2,Old Bagamoyo Rd (Victoria)
5,"25.2°C, Clear",24.0,0.0,10,2026-08-09 15:15:27.384000+00:00,goba_massana,Moderate,5,Goba Road (Massana to Goba Center)
0,"27.3°C, Clear",45.5,0.0,29,2026-08-04 07:57:08.858000+00:00,posta_to_tegeta,Smooth,29,Mega-Route: Posta to Tegeta (Bagamoyo Rd)
11,"23.7°C, Clear",10.7,0.0,14,2026-08-06 05:16:23.453000+00:00,mandela_buguruni,Heavy Jam,3,Mandela Rd (Port Link)
2,"29.4°C, Clear",22.5,0.0,4,2026-08-04 10:42:41.640000+00:00,kigogo_roundabout,Smooth,2,Kawawa Rd (Kigogo Choke)
1,"27.4°C, Clear",30.0,0.0,3,2026-08-09 13:42:42.975000+00:00,old_bagamoyo,Smooth,2,Old Bagamoyo Rd (Victoria)
1,"22.7°C, Clear",30.0,0.0,3,2026-08-05 22:41:14.743000+00:00,kigogo_roundabout,Smooth,2,Kawawa Rd (Kigogo Choke)
0,"20.8°C, Clear",45.0,0.0,24,2026-08-09 04:12:13.857000+00:00,posta_to_gongolamboto,Smooth,24,Mega-Route: Posta to Gongo la Mboto (Nyerere Rd)
6,"24.3°C, Clear",16.7,0.0,9,2026-08-08 16:22:38.246000+00:00,mandela_buguruni,Moderate,3,Mandela Rd (Port Link)
4,"26.2°C, Clear",25.2,0.0,10,2026-08-07 14:46:46.500000+00:00,sam_nujoma,Moderate,6,Sam Nujoma Rd (Mwenge-Ubungo)
5,"28.5°C, Clear",12.0,0.0,7,2026-08-07 13:11:26.790000+00:00,selander,Moderate,2,Ali Hassan Mwinyi
13,"24.6°C, Clear",31.4,0.0,42,2026-08-07 05:59:54.043000+00:00,posta_to_tegeta,Heavy Jam,29,Mega-Route: Posta to Tegeta (Bagamoyo Rd)
2,"27.1°C, Clear",21.0,0.0,4,2026-08-09 07:30:18.944000+00:00,selander,Smooth,2,Ali Hassan Mwinyi
3,"22.0°C, Clear",14.4,0.0,5,2026-08-03 21:46:39.605000+00:00,fire_upanga,Smooth,2,UN Road (Fire to Upanga)
5,"23.9°C, Clear",22.8,0.0,10,2026-08-07 17:41:57.134000+00:00,tabata_dampo,Moderate,5,Tabata Road (Mandela to Segerea)
61,"26.3°C, Clear",14.7,0.0,90,2026-08-07 14:46:46.506000+00:00,posta_to_tegeta,Heavy Jam,29,Mega-Route: Posta to Tegeta (Bagamoyo Rd)
1,"26.3°C, Clear",30.0,0.0,4,2026-08-06 06:44:18.517000+00:00,sinza_mori,Smooth,3,Sinza Road (Mori to Bamaga)
2,"24.2°C, Clear",24.0,0.0,5,2026-08-08 16:22:38.504000+00:00,morocco_intersection,Smooth,3,Kawawa Rd (Morocco to Kinondoni)
26,"28.4°C, Clear",5.2,0.0,29,2026-08-07 13:11:25.709000+00:00,mandela_buguruni,Heavy Jam,3,Mandela Rd (Port Link)
0,"23.7°C, Clear",40.0,0.0,3,2026-08-04 17:20:21.642000+00:00,sinza_mori,Smooth,3,Sinza Road (Mori to Bamaga)
2,"27.3°C, Clear",27.0,0.0,4,2026-08-06 07:18:59.706000+00:00,ubungo,Smooth,2,Morogoro Rd (Ubungo)
9,"26.5°C, Clear",6.5,0.0,11,2026-08-03 14:00:41.319000+00:00,fire_upanga,Heavy Jam,2,UN Road (Fire to Upanga)
2,"23.2°C, Clear",24.0,0.0,5,2026-08-08 05:13:55.392000+00:00,morocco_intersection,Smooth,3,Kawawa Rd (Morocco to Kinondoni)
4,"24.9°C, Clear",12.0,0.0,6,2026-08-09 06:08:49.674000+00:00,fire_upanga,Moderate,2,UN Road (Fire to Upanga)
2,"22.4°C, Clear",30.0,0.0,7,2026-08-05 05:14:32.107000+00:00,mwai_kibaki,Smooth,5,Mwai Kibaki Rd (Kawe to Mikocheni)
4,"25.1°C, Clear",17.1,0.0,7,2026-08-07 15:46:51.503000+00:00,sinza_mori,Moderate,3,Sinza Road (Mori to Bamaga)
0,"23.9°C, Clear",45.0,0.0,24,2026-08-08 17:00:49.916000+00:00,posta_to_gongolamboto,Smooth,24,Mega-Route: Posta to Gongo la Mboto (Nyerere Rd)
9,"22.6°C, Clear",8.2,0.0,11,2026-08-04 05:14:42.750000+00:00,mwenge,Heavy Jam,2,Bagamoyo Rd (Mwenge)
1,"29.0°C, Clear",35.0,0.0,6,2026-08-05 10:42:56.704000+00:00,mwai_kibaki,Smooth,5,Mwai Kibaki Rd (Kawe to Mikocheni)
5,"27.8°C, Clear",24.0,0.0,10,2026-08-07 08:38:20.845000+00:00,goba_massana,Moderate,5,Goba Road (Massana to Goba Center)
3,"27.4°C, Cloudy",26.2,0.1,8,2026-08-07 13:46:53.723000+00:00,mwai_kibaki,Smooth,5,Mwai Kibaki Rd (Kawe to Mikocheni)
4,"23.4°C, Clear",24.0,0.0,8,2026-08-08 18:24:52.400000+00:00,uhuru_street,Moderate,4,Uhuru Street (Ilala)
6,"29.4°C, Clear",36.2,0.0,29,2026-08-05 10:42:56.118000+00:00,posta_to_kimara,Moderate,23,Mega-Route: Posta to Kimara (Morogoro Rd)
0,"24.8°C, Clear",45.5,0.0,29,2026-08-08 15:54:43.367000+00:00,posta_to_tegeta,Smooth,29,Mega-Route: Posta to Tegeta (Bagamoyo Rd)
5,"23.7°C, Clear",15.4,0.0,7,2026-08-03 16:43:10.956000+00:00,ubungo,Moderate,2,Morogoro Rd (Ubungo)
0,"23.3°C, Clear",45.7,0.0,23,2026-08-08 05:13:55.217000+00:00,posta_to_kimara,Smooth,23,Mega-Route: Posta to Kimara (Morogoro Rd)
3,"26.3°C, Clear",18.0,0.0,5,2026-08-04 15:06:56.495000+00:00,old_bagamoyo,Smooth,2,Old Bagamoyo Rd (Victoria)
7,"29.4°C, Clear",36.7,0.0,36,2026-08-05 10:42:54.793000+00:00,posta_to_tegeta,Moderate,29,Mega-Route: Posta to Tegeta (Bagamoyo Rd)
2,"23.7°C, Clear",24.0,0.0,5,2026-08-05 18:21:01.295000+00:00,morocco_intersection,Smooth,3,Kawawa Rd (Morocco to Kinondoni)
0,"27.6°C, Clear",45.7,0.0,23,2026-08-06 07:19:01.273000+00:00,posta_to_kimara,Smooth,23,Mega-Route: Posta to Kimara (Morogoro Rd)
4,"26.8°C, Clear",25.2,0.0,10,2026-08-07 14:21:49.457000+00:00,sam_nujoma,Moderate,6,Sam Nujoma Rd (Mwenge-Ubungo)
6,"23.4°C, Clear",16.7,0.0,9,2026-08-04 17:20:19.187000+00:00,mandela_buguruni,Moderate,3,Mandela Rd (Port Link)
3,"28.4°C, Clear",21.6,0.0,5,2026-08-03 11:21:37.295000+00:00,ubungo,Smooth,2,Morogoro Rd (Ubungo)
6,"21.3°C, Clear",36.0,0.0,30,2026-08-07 04:25:09.871000+00:00,posta_to_gongolamboto,Moderate,24,Mega-Route: Posta to Gongo la Mboto (Nyerere Rd)
3,"28.5°C, Cloudy",20.0,0.1,6,2026-08-05 09:25:30.716000+00:00,morocco_intersection,Smooth,3,Kawawa Rd (Morocco to Kinondoni)
0,"26.9°C, Clear",45.0,0.0,24,2026-08-09 14:26:13.397000+00:00,posta_to_gongolamboto,Smooth,24,Mega-Route: Posta to Gongo la Mboto (Nyerere Rd)
3,"29.4°C, Clear",20.0,0.0,6,2026-08-06 10:44:45.238000+00:00,morocco_intersection,Smooth,3,Kawawa Rd (Morocco to Kinondoni)
4,"29.0°C, Clear",12.0,0.0,6,2026-08-05 12:51:15.699000+00:00,fire_upanga,Moderate,2,UN Road (Fire to Upanga)
1,"21.6°C, Clear",30.0,0.0,3,2026-08-07 00:40:19.878000+00:00,kamata_gerezani,Smooth,2,Kamata / Gerezani (Port Entry)
1,"23.7°C, Clear",30.0,0.0,4,2026-08-07 18:42:43.802000+00:00,sinza_mori,Smooth,3,Sinza Road (Mori to Bamaga)
1,"23.1°C, Clear",30.0,0.0,4,2026-08-05 20:12:52.757000+00:00,morocco_intersection,Smooth,3,Kawawa Rd (Morocco to Kinondoni)
11,"26.7°C, Clear",10.7,0.0,14,2026-08-06 06:44:17.845000+00:00,mandela_buguruni,Heavy Jam,3,Mandela Rd (Port Link)
0,"28.0°C, Cloudy",45.0,0.1,24,2026-08-07 08:50:34.214000+00:00,posta_to_gongolamboto,Smooth,24,Mega-Route: Posta to Gongo la Mboto (Nyerere Rd)
1,"23.1°C, Clear",28.0,0.0,3,2026-08-05 20:12:52.172000+00:00,selander,Smooth,2,Ali Hassan Mwinyi
8,"28.4°C, Clear",7.2,0.0,10,2026-08-07 13:11:27.715000+00:00,fire_upanga,Heavy Jam,2,UN Road (Fire to Upanga)
3,"28.5°C, Clear",18.0,0.0,5,2026-08-07 13:11:26.454000+00:00,old_bagamoyo,Smooth,2,Old Bagamoyo Rd (Victoria)
2,"28.1°C, Cloudy",30.0,0.1,7,2026-08-09 09:09:31.110000+00:00,kilwa_mbagala,Smooth,5,Kilwa Rd (Mbagala)
0,"24.3°C, Clear",45.5,0.0,29,2026-08-08 16:22:38.240000+00:00,posta_to_tegeta,Smooth,29,Mega-Route: Posta to Tegeta (Bagamoyo Rd)
2,"29.2°C, Cloudy",22.5,0.1,4,2026-08-06 10:44:45.055000+00:00,kamata_gerezani,Smooth,2,Kamata / Gerezani (Port Entry)
0,"21.0°C, Clear",47.1,,28,2026-08-03 02:51:21.577000+00:00,posta_to_tegeta,Smooth,29,Mega-Route: Posta to Tegeta (Bagamoyo Rd)
5,"26.3°C, Clear",18.8,0.0,8,2026-08-07 14:46:46.901000+00:00,changombe_road,Moderate,3,Chang'ombe Road (Temeke)
